Date,Temperature_Mean,Temperature_Max,Temperature_Min,Precipitation,Relative_Humidity,Wind_Speed,Solar_Radiation,Pressure
2019-01-01,23.0,24.9,19.6,0.0,75.2,6.7,10.5,1013.2
2019-01-02,22.6,,20.4,0.0,71.8,11.1,8.9,1013.0
2019-01-03,22.8,25.7,19.7,0.0,72.8,7.1,9.8,1013.5
2019-01-04,23.6,26.6,20.3,0.0,71.4,6.6,12.9,1013.6
2019-01-05,22.8,26.5,19.8,0.0,78.6,7.3,8.4,1013.7
2019-01-06,22.3,25.6,21.4,0.0,69.9,9.0,10.0,
2019-01-07,23.3,27.3,20.2,,,9.1,14.3,1013.6
2019-01-08,23.4,26.7,18.2,0.0,62.4,6.5,,1012.3
2019-01-09,22.5,24.9,19.8,0.0,69.1,9.1,13.8,1012.8
2019-01-10,22.7,26.0,20.4,,52.7,6.8,9.6,1013.3
2019-01-11,22.1,23.9,18.7,,65.9,6.5,11.3,1013.1
2019-01-12,21.7,24.8,18.4,0.5,65.7,8.7,6.3,1013.7
2019-01-13,22.0,25.0,17.8,0.0,58.3,8.8,11.5,1013.6
2019-01-14,20.6,23.4,18.9,0.0,60.6,7.5,15.3,1013.6
2019-01-15,19.9,,16.2,0.0,70.7,7.4,13.3,1013.7
2019-01-16,20.4,21.5,16.8,0.0,66.9,8.4,15.4,1015.1
2019-01-17,20.3,22.7,,1.2,66.2,8.2,5.9,1015.4
2019-01-18,21.2,24.3,17.9,0.0,66.8,9.0,16.7,1015.4
2019-01-19,20.9,24.0,16.9,1.1,65.5,7.3,6.1,1014.7
2019-01-20,20.3,22.3,16.5,0.0,71.8,10.5,9.9,1014.5
2019-01-21,22.1,26.3,20.2,0.0,64.8,13.0,19.4,1014.0
2019-01-22,,24.1,18.1,0.0,55.0,6.5,7.5,1014.2
2019-01-23,22.0,26.0,19.1,0.0,73.2,8.6,10.8,1014.1
2019-01-24,,,,,,,,
2019-01-25,,,,,,,,
2019-01-26,,,,,,,,
2019-01-27,,,,,,,,
2019-01-28,,,,,,,,
2019-01-29,,,,,,,,
2019-01-30,,,,,,,,
2019-01-31,,,,,,,,
2019-02-01,,,,,,,,
2019-02-02,,,,,,,,
2019-02-03,,,,,,,,
2019-02-04,,,,,,,,
2019-02-05,,,,,,,,
2019-02-06,,,,,,,,
2019-02-07,,,,,,,,
2019-02-08,,,,,,,,
2019-02-09,,,,,,,,
2019-02-10,,,,,,,,
2019-02-11,,,,,,,,
2019-02-12,,,,,,,,
2019-02-13,,,,,,,,
2019-02-14,,,,,,,,
2019-02-15,,,,,,,,
2019-02-16,,,,,,,,
2019-02-17,,,,,,,,
2019-02-18,,,,,,,,
2019-02-19,,,,,,,,
2019-02-20,,,,,,,,
2019-02-21,,,,,,,,
2019-02-22,,,,,,,,
2019-02-23,,,,,,,,
2019-02-24,24.2,28.1,21.7,0.0,50.5,6.4,17.1,1014.1
2019-02-25,24.6,29.2,20.3,0.0,50.5,5.7,14.2,
2019-02-26,23.6,,20.2,0.0,55.0,8.0,13.0,1014.0
2019-02-27,23.5,25.9,20.4,0.0,58.6,5.5,14.0,1014.1
2019-02-28,23.9,26.8,22.3,0.0,49.1,6.0,20.5,1014.0
2019-03-01,24.6,27.9,22.9,0.0,47.2,7.6,14.1,1014.0
2019-03-02,24.0,26.2,20.7,0.0,55.9,6.4,16.4,1013.6
2019-03-03,23.9,27.3,23.0,0.0,51.7,5.6,13.9,1013.2
2019-03-04,23.2,25.7,19.2,0.0,56.7,5.8,18.8,1013.5
2019-03-05,22.7,25.7,19.9,16.7,51.0,6.6,7.4,1013.4
2019-03-06,24.0,27.5,17.7,0.0,40.5,9.4,16.2,1013.3
2019-03-07,25.1,,19.8,0.0,47.7,7.7,11.5,1013.5
2019-03-08,,27.4,22.0,0.0,46.1,5.5,11.8,1013.5
2019-03-09,25.4,28.3,22.5,0.0,50.0,12.6,16.8,1012.9
2019-03-10,25.4,28.3,21.4,0.0,46.4,4.9,12.9,1013.5
2019-03-11,24.6,27.3,19.9,0.0,54.4,4.9,23.3,1013.5
2019-03-12,25.0,27.7,23.6,0.0,48.0,6.9,10.9,1013.4
2019-03-13,26.1,30.7,24.8,0.0,50.4,5.1,14.8,1013.6
2019-03-14,25.6,29.2,23.2,0.2,50.3,4.8,8.7,1013.6
2019-03-15,26.5,29.2,22.9,0.0,50.3,5.1,16.3,1013.9
2019-03-16,24.1,27.8,20.6,0.0,48.7,5.4,14.2,1014.1
2019-03-17,25.2,27.8,21.1,0.0,51.7,6.2,14.7,1014.3
2019-03-18,25.3,29.5,23.5,0.0,43.7,5.8,14.7,1014.7
2019-03-19,,28.5,24.5,0.0,,4.9,16.9,1014.9
2019-03-20,25.4,28.3,21.5,0.0,46.6,5.4,23.8,1014.6
2019-03-21,24.0,27.5,,0.0,40.0,7.6,18.2,1013.9
2019-03-22,24.6,26.0,23.6,0.0,48.8,6.5,21.7,
2019-03-23,25.3,27.2,22.2,0.0,42.4,4.9,19.7,1014.2
2019-03-24,26.6,28.4,22.8,0.0,51.3,9.2,21.7,1013.9
2019-03-25,26.0,29.2,23.1,0.0,60.4,5.8,10.0,1013.0
2019-03-26,25.5,-999.0,22.9,0.0,42.2,4.3,17.6,1013.2
2019-03-27,25.4,30.6,22.6,0.0,48.8,4.3,22.5,1013.3
2019-03-28,26.4,30.1,23.8,,36.1,4.4,,1012.6
2019-03-29,26.7,30.2,25.0,0.0,49.2,5.7,24.1,1012.9
2019-03-30,26.2,27.4,23.9,0.0,41.0,4.3,23.4,1012.7
2019-03-31,26.8,,23.2,0.0,42.4,4.9,17.6,1014.0
2019-04-01,26.8,29.0,23.5,0.0,39.4,4.1,17.6,1013.6
2019-04-02,27.5,29.9,24.3,0.0,50.3,7.0,16.2,1013.4
2019-04-03,26.8,29.6,24.8,0.0,51.8,4.4,17.4,1013.0
2019-04-04,26.6,29.2,23.8,0.0,45.8,6.7,7.9,1013.6
2019-04-05,26.5,27.6,25.7,0.0,40.3,7.3,20.8,1013.4
2019-04-06,25.8,29.5,22.6,0.0,54.9,3.8,15.3,1013.0
2019-04-07,26.6,28.5,22.2,0.0,40.7,4.5,21.5,1013.4
2019-04-08,,30.4,25.6,0.0,32.2,3.7,21.7,1012.7
2019-04-09,27.3,32.4,24.9,0.0,47.8,6.5,14.9,1013.1
2019-04-10,27.3,29.3,23.9,0.0,38.3,4.5,24.7,1013.9
2019-04-11,26.4,26.9,22.2,0.0,50.8,3.7,21.7,1014.1
2019-04-12,26.7,29.4,24.1,0.0,42.5,3.7,22.5,1014.2
2019-04-13,27.0,31.1,24.6,0.0,48.3,4.1,18.0,1014.5
2019-04-14,26.8,31.8,25.8,0.0,53.0,6.8,22.3,1015.1
2019-04-15,27.2,29.0,24.1,0.0,37.2,4.8,23.9,1015.3
2019-04-16,27.9,31.4,22.9,0.0,41.0,5.8,20.3,1015.2
2019-04-17,29.5,32.0,26.2,0.0,43.9,3.9,26.7,1015.3
2019-04-18,29.2,32.1,26.2,0.0,53.5,3.3,20.9,1014.6
2019-04-19,29.1,34.8,25.8,0.0,40.3,7.6,24.3,1014.8
2019-04-20,28.9,30.4,25.9,0.0,40.6,3.2,21.8,1014.1
2019-04-21,27.5,30.7,25.3,0.0,47.0,6.7,22.8,1013.8
2019-04-22,28.0,31.5,24.2,0.0,40.7,3.7,16.1,1012.3
2019-04-23,28.4,32.5,,31.5,54.4,3.1,11.2,
2019-04-24,30.5,33.6,27.5,0.0,34.8,4.4,19.1,1012.4
2019-04-25,29.8,33.1,27.8,0.0,57.3,7.7,18.9,1013.1
2019-04-26,29.8,32.4,25.5,0.0,35.9,7.0,26.7,1013.3
2019-04-27,29.6,32.9,26.0,0.0,42.1,3.1,20.9,1013.8
2019-04-28,28.7,31.4,26.3,0.0,43.8,3.1,,1013.2
2019-04-29,29.9,33.5,25.9,0.0,55.5,3.9,20.7,1013.7
2019-04-30,30.3,33.0,27.8,0.0,36.1,4.0,17.9,1014.6
2019-05-01,30.7,34.1,28.5,0.0,55.9,4.4,26.2,1014.7
2019-05-02,29.7,32.7,27.5,0.0,48.6,3.0,19.9,1014.8
2019-05-03,30.8,35.0,29.6,0.0,46.6,6.5,23.6,1014.7
2019-05-04,29.5,32.5,26.0,0.0,38.2,3.9,26.2,1014.2
2019-05-05,30.2,31.4,29.0,0.0,47.5,4.9,20.7,1014.4
2019-05-06,31.8,36.1,30.0,0.0,39.8,3.5,23.9,1013.6
2019-05-07,30.5,32.6,29.6,0.0,51.8,3.2,,1013.3
2019-05-08,30.1,32.4,27.2,0.0,38.4,7.1,29.7,1012.5
2019-05-09,30.3,32.7,27.5,0.0,43.6,3.5,25.3,1012.3
2019-05-10,30.1,34.5,27.4,0.0,41.0,4.9,22.0,1012.7
2019-05-11,29.2,30.1,27.3,0.0,38.5,6.1,20.3,1013.1
2019-05-12,29.9,36.1,28.1,12.0,52.5,3.7,11.2,1013.1
2019-05-13,29.6,33.6,26.1,0.0,47.8,3.3,21.7,1013.2
2019-05-14,30.5,33.7,28.0,0.0,51.9,2.3,28.7,1012.4
2019-05-15,30.1,33.0,26.7,0.0,34.0,2.3,19.2,1012.3
2019-05-16,31.6,34.9,29.5,0.0,51.2,2.5,23.3,1012.2
2019-05-17,30.9,34.4,27.7,0.0,59.9,2.5,22.9,1012.0
2019-05-18,30.9,34.5,26.6,0.0,42.3,2.6,22.7,1012.5
2019-05-19,31.7,35.2,28.1,0.0,56.5,2.6,22.8,1012.2
2019-05-20,30.7,33.8,28.1,0.0,43.6,2.7,22.8,1012.1
2019-05-21,31.2,34.1,28.0,0.0,37.1,2.8,25.8,1011.3
2019-05-22,32.4,35.2,29.6,0.0,43.6,2.2,25.1,1011.5
2019-05-23,31.0,33.8,28.0,0.0,51.8,2.1,24.6,
2019-05-24,31.5,35.6,28.8,14.1,44.9,3.4,7.1,1011.6
2019-05-25,31.8,35.4,29.0,0.0,42.2,2.9,24.3,
2019-05-26,,32.5,29.3,0.0,49.5,2.7,18.5,1011.7
2019-05-27,31.4,35.1,29.4,7.2,48.3,3.2,12.7,1011.9
2019-05-28,30.8,34.0,28.8,0.0,49.7,4.0,27.9,1012.9
2019-05-29,31.7,34.7,30.1,0.0,47.8,2.6,20.8,1013.1
2019-05-30,32.2,34.8,30.8,0.0,49.4,3.1,22.8,1012.3
2019-05-31,32.4,36.6,30.7,0.0,44.1,5.5,21.8,1011.9
2019-06-01,32.7,,29.5,2.1,,4.0,13.7,1012.1
2019-06-02,32.1,34.4,30.0,1.5,41.9,2.5,12.0,1011.9
2019-06-03,32.5,35.9,29.0,0.0,54.9,3.0,28.9,1010.7
2019-06-04,32.8,34.8,29.7,0.0,43.6,2.0,25.0,1011.7
2019-06-05,32.2,33.8,31.2,0.0,54.3,2.7,24.5,1012.3
2019-06-06,33.8,36.2,30.1,0.0,46.4,6.5,24.0,1012.7
2019-06-07,,37.6,29.9,0.0,49.2,2.6,26.3,1012.5
2019-06-08,32.6,36.5,30.5,0.0,45.2,4.9,18.7,1012.8
2019-06-09,33.2,36.7,29.8,0.0,42.3,2.3,24.1,
2019-06-10,32.4,36.1,30.3,0.0,38.1,9.8,23.7,1012.7
2019-06-11,33.2,36.8,30.2,0.0,42.4,2.7,26.1,1012.4
2019-06-12,34.0,36.4,32.3,0.0,47.0,1.7,23.4,1013.2
2019-06-13,33.1,36.5,31.9,21.2,56.8,2.7,10.4,1012.5
2019-06-14,33.8,37.6,31.2,0.0,55.5,2.0,24.0,1013.2
2019-06-15,33.9,37.7,31.0,0.0,47.0,1.6,20.7,1013.2
2019-06-16,34.3,38.5,31.7,0.0,44.6,3.7,18.2,1013.0
2019-06-17,35.3,39.0,33.5,21.4,47.8,2.0,13.1,1013.1
2019-06-18,34.4,37.7,31.8,0.0,53.2,3.5,25.7,1013.5
2019-06-19,33.5,37.5,30.2,0.0,58.9,2.0,25.4,1014.0
2019-06-20,32.8,35.8,29.9,0.0,58.4,1.8,27.9,1014.1
2019-06-21,32.5,34.7,29.4,0.0,55.3,5.9,22.0,1013.5
2019-06-22,32.9,35.7,30.6,0.0,55.1,2.1,,
2019-06-23,33.4,35.7,29.3,0.0,61.7,2.6,23.8,1014.3
2019-06-24,33.7,36.0,31.9,0.0,53.8,2.7,22.9,1014.7
2019-06-25,34.3,37.2,,0.0,55.9,2.5,21.5,1014.9
2019-06-26,34.1,36.3,29.9,0.0,50.4,4.5,23.7,1015.0
2019-06-27,35.0,37.7,31.5,0.0,44.4,2.9,22.1,1015.1
2019-06-28,34.3,35.4,31.5,0.0,48.7,2.1,18.4,1015.3
2019-06-29,36.1,39.3,33.6,15.3,57.7,3.9,11.3,1014.8
2019-06-30,35.6,38.6,31.6,0.0,53.7,1.7,20.5,1014.0
2019-07-01,34.3,36.5,32.7,0.0,65.2,2.4,24.6,1013.9
2019-07-02,33.4,37.0,31.3,0.0,54.4,5.1,21.9,1013.4
2019-07-03,33.9,37.9,31.3,0.0,61.3,2.7,27.2,1012.9
2019-07-04,33.8,35.2,29.5,0.0,51.9,3.5,28.6,1012.7
2019-07-05,34.3,36.6,31.0,8.7,55.5,2.8,12.9,1013.9
2019-07-06,34.5,36.8,32.5,0.0,47.1,3.7,,1013.8
2019-07-07,34.2,36.3,31.6,10.7,54.1,5.0,14.1,1013.9
2019-07-08,33.5,37.4,31.1,0.0,58.8,1.9,28.4,1013.3
2019-07-09,32.6,35.4,30.3,0.0,56.0,1.7,23.7,1012.4
2019-07-10,32.8,35.6,28.9,0.0,61.9,2.3,27.6,1012.2
2019-07-11,,34.9,32.3,0.0,57.6,3.0,22.0,1013.0
2019-07-12,34.1,37.7,29.5,0.0,54.7,1.8,18.0,1013.2
2019-07-13,33.2,34.9,29.3,0.7,70.2,1.6,10.6,1013.5
2019-07-14,33.6,36.7,29.5,0.0,56.8,2.1,28.7,1013.8
2019-07-15,34.1,37.3,31.5,0.0,64.7,5.7,19.0,1013.4
2019-07-16,33.4,37.8,30.5,0.0,55.6,3.0,23.4,1014.0
2019-07-17,33.7,35.4,32.2,10.2,65.6,2.2,11.7,1013.6
2019-07-18,33.9,33.9,31.4,0.0,64.2,1.9,21.8,1014.2
2019-07-19,33.1,36.3,29.6,0.0,,2.1,21.9,1014.3
2019-07-20,33.7,38.5,29.4,0.0,45.1,1.8,23.4,1013.3
2019-07-21,34.2,,32.3,0.0,59.6,1.8,21.5,1013.0
2019-07-22,34.9,38.1,32.2,0.0,67.2,4.5,18.9,1012.2
2019-07-23,35.3,37.8,32.4,0.0,63.3,8.9,,1012.9
2019-07-24,33.7,37.5,32.1,0.0,63.1,1.9,26.2,1012.9
2019-07-25,33.1,35.1,29.5,,50.4,1.8,25.6,1012.0
2019-07-26,33.8,37.3,,0.0,56.7,2.2,20.5,1012.3
2019-07-27,34.2,37.7,31.4,0.0,63.8,2.5,19.1,1012.2
2019-07-28,34.4,38.5,31.9,0.0,64.2,2.0,21.9,1011.7
2019-07-29,36.9,42.7,34.7,0.0,69.3,2.2,27.4,1012.7
2019-07-30,36.1,39.5,33.1,0.0,61.4,2.1,24.6,1012.8
2019-07-31,36.0,,33.2,1.8,65.6,,12.3,1012.8
2019-08-01,35.7,38.7,33.1,0.0,63.0,3.3,25.2,1012.7
2019-08-02,35.4,36.6,33.1,0.0,57.3,3.1,23.7,1012.1
2019-08-03,34.5,36.8,31.1,2.8,50.9,2.5,11.4,1011.7
2019-08-04,34.7,37.3,30.0,5.8,68.2,4.8,12.1,1012.5
2019-08-05,33.7,36.1,30.5,0.0,65.2,6.1,20.6,1012.4
2019-08-06,33.4,36.6,29.4,0.0,60.8,2.2,17.9,1012.5
2019-08-07,33.1,35.3,31.5,0.0,55.1,2.3,24.3,1011.7
2019-08-08,33.3,37.4,30.1,0.0,,2.9,,1011.3
2019-08-09,35.0,38.0,33.1,19.6,69.7,2.1,9.3,1011.9
2019-08-10,33.0,36.0,31.5,0.0,69.0,2.7,24.3,1012.3
2019-08-11,33.6,36.3,31.4,0.0,77.2,3.1,26.8,1013.2
2019-08-12,32.3,35.5,28.1,0.0,53.4,3.0,21.7,1013.8
2019-08-13,32.3,36.2,28.4,8.0,64.8,2.6,9.6,1013.6
2019-08-14,33.4,35.6,30.2,0.0,65.6,3.1,21.9,1013.8
2019-08-15,33.4,35.7,31.9,2.9,76.8,6.0,9.9,1013.6
2019-08-16,32.5,35.2,29.7,0.0,57.7,2.5,19.5,1014.4
2019-08-17,32.2,,28.9,0.0,79.4,3.5,22.6,1014.8
2019-08-18,33.0,35.1,29.8,0.0,68.9,2.3,16.4,1014.6
2019-08-19,32.4,,31.2,2.7,68.6,2.4,8.4,1014.5
2019-08-20,32.7,36.6,30.6,0.0,67.5,3.3,21.1,1015.0
2019-08-21,32.8,36.0,29.8,0.0,66.3,2.5,20.9,1015.0
2019-08-22,32.3,35.5,28.7,0.0,75.5,2.4,21.9,1015.4
2019-08-23,33.9,37.8,33.1,0.0,63.1,2.7,26.4,1014.1
2019-08-24,33.8,36.7,31.0,0.0,71.9,3.5,21.0,1014.2
2019-08-25,31.8,35.2,28.7,0.0,67.8,4.0,22.3,1013.8
2019-08-26,32.2,35.1,28.4,0.0,65.8,2.8,17.5,1014.5
2019-08-27,31.8,35.1,28.1,0.0,86.1,3.9,,1015.0
2019-08-28,32.6,35.0,29.0,8.6,76.0,2.9,9.3,
2019-08-29,31.9,32.4,29.7,0.0,74.8,3.8,20.4,1015.2
2019-08-30,31.9,34.8,30.8,0.0,78.2,,19.7,1015.7
2019-08-31,32.3,36.7,29.7,5.3,64.7,4.0,11.5,1015.4
2019-09-01,32.8,36.7,28.8,0.0,82.5,9.1,15.9,1016.2
2019-09-02,31.6,35.5,27.2,0.0,57.1,6.1,12.9,1015.7
2019-09-03,31.4,35.7,,0.0,67.8,2.9,19.0,1015.3
2019-09-04,31.2,34.3,27.8,6.6,71.9,5.5,10.5,1015.4
2019-09-05,30.9,34.1,27.5,1.0,76.7,3.0,10.0,1014.9
2019-09-06,32.4,34.8,30.0,0.0,74.5,6.6,23.1,1014.7
2019-09-07,32.4,35.0,29.5,4.4,73.8,3.4,10.3,1015.1
2019-09-08,31.1,34.7,26.4,0.0,73.6,3.6,17.5,1014.8
2019-09-09,31.8,36.0,29.8,9.9,71.0,3.2,6.1,1013.8
2019-09-10,,36.0,28.5,3.6,66.2,3.3,9.1,1013.9
2019-09-11,33.1,35.6,30.4,14.3,83.0,4.7,11.0,1013.5
2019-09-12,31.2,34.2,26.8,4.8,80.2,6.7,8.8,1013.8
2019-09-13,30.7,34.3,29.1,0.0,84.3,4.4,18.8,1014.1
2019-09-14,31.7,33.3,28.1,0.0,70.3,4.8,19.8,
2019-09-15,30.8,31.5,28.6,15.0,83.9,5.1,7.7,1014.8
2019-09-16,31.1,33.5,29.5,10.6,76.9,3.7,10.1,1015.1
2019-09-17,31.5,33.2,28.2,0.0,82.8,3.5,23.2,1014.5
2019-09-18,30.4,32.9,26.4,1.3,82.4,3.5,8.8,1014.7
2019-09-19,30.4,33.2,28.2,0.0,77.3,4.0,,1015.3
2019-09-20,28.0,30.6,26.5,0.0,74.2,3.9,17.7,1014.7
2019-09-21,28.2,32.6,25.2,0.0,82.2,3.7,11.2,1015.3
2019-09-22,28.8,32.1,,0.0,80.5,3.9,18.8,
2019-09-23,28.4,31.7,,0.0,72.7,3.8,19.0,
2019-09-24,30.2,33.8,,0.0,69.0,6.7,22.6,
2019-09-25,29.0,30.9,,6.8,,3.9,8.4,
2019-09-26,29.0,33.0,,24.5,93.7,4.7,9.3,
2019-09-27,29.3,32.3,,5.8,86.1,-9999.0,7.3,
2019-09-28,30.5,34.1,,0.0,70.9,4.8,16.1,
2019-09-29,29.0,30.9,,,70.8,4.0,12.4,
2019-09-30,30.0,31.4,,0.0,85.6,4.4,16.3,
2019-10-01,29.7,33.5,,3.0,72.1,4.1,8.0,
2019-10-02,28.8,32.1,,0.0,81.2,4.7,17.6,
2019-10-03,29.2,31.3,,24.1,81.8,4.3,7.4,
2019-10-04,29.2,31.4,,15.7,92.9,5.1,8.4,
2019-10-05,28.6,32.8,25.5,2.1,74.6,5.6,7.7,1012.6
2019-10-06,28.7,30.5,25.0,,86.2,5.1,7.7,1012.9
2019-10-07,28.4,33.0,23.9,0.0,79.9,5.0,16.5,1012.4
2019-10-08,28.5,,24.6,20.5,86.6,4.9,8.1,1012.8
2019-10-09,29.0,32.6,25.2,0.0,67.2,6.6,18.3,1012.6
2019-10-10,29.8,32.5,26.8,0.0,65.9,4.7,15.6,1012.2
2019-10-11,28.3,31.9,24.9,0.0,77.9,6.0,14.8,1012.7
2019-10-12,29.8,,25.5,0.0,80.8,6.2,15.2,1012.5
2019-10-13,27.6,30.5,,5.0,74.1,5.2,6.7,1012.5
2019-10-14,27.6,30.7,25.0,0.0,,5.0,14.5,1011.6
2019-10-15,28.1,30.1,25.9,0.0,82.9,5.4,21.5,1012.3
2019-10-16,28.2,31.9,24.8,0.2,83.1,4.8,6.3,1012.8
2019-10-17,27.5,30.0,23.2,0.0,78.8,4.7,14.4,1012.9
2019-10-18,27.3,30.1,24.9,17.4,89.6,4.9,7.0,1012.2
2019-10-19,27.0,29.0,26.4,11.1,76.1,5.0,7.2,1012.9
2019-10-20,26.7,,24.1,0.0,77.7,5.7,14.0,1012.7
2019-10-21,27.5,30.3,23.6,0.0,89.7,7.1,15.7,1012.6
2019-10-22,27.6,33.0,24.0,3.7,81.4,5.2,4.8,1013.7
2019-10-23,26.8,30.6,23.4,0.0,80.7,8.2,17.8,1013.3
2019-10-24,27.5,30.5,24.8,0.0,93.8,8.7,16.5,1013.6
2019-10-25,27.4,30.2,25.7,0.0,71.6,8.8,10.8,1013.8
2019-10-26,27.7,30.7,24.2,10.3,87.8,7.2,3.8,1013.9
2019-10-27,27.7,31.3,25.5,0.0,90.0,5.6,11.5,1014.0
2019-10-28,26.6,28.4,21.4,3.3,79.0,5.2,6.8,1014.0
2019-10-29,26.1,30.2,22.5,0.0,85.2,6.2,22.0,1014.0
2019-10-30,,30.4,24.3,3.2,75.1,6.2,,1013.9
2019-10-31,26.9,30.7,24.5,11.3,79.2,7.5,4.3,1014.5
2019-11-01,26.6,30.0,23.7,0.0,82.3,11.9,11.9,1013.7
2019-11-02,26.4,29.4,23.7,0.0,84.7,6.2,13.8,1014.1
2019-11-03,27.1,30.8,23.0,,87.9,5.9,7.3,1014.3
2019-11-04,26.2,29.8,23.0,31.3,98.7,5.6,4.9,1014.5
2019-11-05,26.4,29.0,24.1,0.0,79.4,5.4,13.3,1014.8
2019-11-06,25.9,28.3,21.0,7.6,89.2,6.3,5.7,1014.5
2019-11-07,25.6,28.7,22.5,0.0,77.7,6.5,10.2,1013.5
2019-11-08,26.3,30.9,22.5,0.6,85.3,7.6,7.1,1013.4
2019-11-09,26.5,28.3,24.1,5.4,82.5,6.4,7.9,1013.0
2019-11-10,26.6,28.1,23.2,9.7,85.1,8.6,7.9,
2019-11-11,26.9,30.1,23.6,0.0,82.0,6.8,15.0,1012.2
2019-11-12,26.2,29.2,25.1,16.5,74.7,7.9,5.9,1012.1
2019-11-13,26.2,29.4,21.2,2.7,,5.9,7.7,1012.0
2019-11-14,25.4,,21.1,0.0,79.9,8.0,14.0,1011.1
2019-11-15,,28.2,22.8,0.0,69.0,7.1,13.4,1011.8
2019-11-16,25.0,29.5,23.1,3.8,85.2,6.0,5.6,1013.0
2019-11-17,24.9,26.3,21.6,0.0,84.2,6.1,11.4,1013.3
2019-11-18,25.2,27.4,22.1,0.0,80.8,9.0,13.1,1013.2
2019-11-19,24.3,27.2,20.9,3.1,73.0,,10.1,1013.2
2019-11-20,25.8,27.2,22.6,10.1,,6.6,6.8,1013.0
2019-11-21,24.5,27.3,21.0,0.0,90.7,6.4,10.9,1013.1
2019-11-22,23.5,28.1,19.0,0.0,79.3,7.3,,1013.1
2019-11-23,24.6,27.6,21.0,0.0,81.3,8.2,11.1,1012.7
2019-11-24,24.9,28.2,23.0,13.3,83.3,6.5,9.6,1013.6
2019-11-25,25.0,26.7,20.6,2.0,81.8,6.7,5.7,1012.9
2019-11-26,25.0,27.4,20.4,0.0,77.1,10.9,15.2,1013.2
2019-11-27,24.5,27.1,18.4,23.0,84.4,7.9,5.7,1013.2
2019-11-28,23.5,26.2,21.7,,83.0,8.8,13.2,1014.1
2019-11-29,23.6,27.9,20.4,0.0,91.5,6.8,14.8,1014.1
2019-11-30,23.1,26.7,22.2,4.9,70.3,6.5,5.3,1013.8
2019-12-01,24.0,25.9,20.4,0.0,76.4,6.8,10.4,1013.6
2019-12-02,23.7,26.9,21.2,0.0,69.8,7.7,17.3,1013.6
2019-12-03,23.0,26.5,18.0,0.0,86.2,6.4,15.2,1013.0
2019-12-04,22.9,27.0,20.6,34.1,,6.6,7.3,1012.7
2019-12-05,23.3,27.9,22.0,22.2,74.3,6.3,7.3,
2019-12-06,22.9,24.8,20.3,0.0,80.0,7.0,13.5,1011.8
2019-12-07,22.4,24.6,21.4,17.6,91.7,8.4,9.1,1012.0
2019-12-08,22.8,24.6,19.1,0.0,79.7,6.3,12.3,1012.3
2019-12-09,23.1,25.8,22.1,8.6,79.3,7.7,6.9,
2019-12-10,22.7,26.1,19.6,0.0,77.8,9.6,7.7,1011.8
2019-12-11,22.4,26.4,,4.0,84.8,6.7,4.8,1012.2
2019-12-12,22.8,25.7,,0.0,69.7,7.8,8.5,1012.3
2019-12-13,21.7,24.4,17.1,4.3,75.3,10.8,7.9,1012.2
2019-12-14,21.1,24.3,17.8,0.0,71.8,10.3,4.4,1012.2
2019-12-15,21.2,23.4,19.1,9.9,70.2,6.7,5.4,1012.1
2019-12-16,21.6,26.7,,0.0,72.1,6.5,3.0,1012.0
2019-12-17,22.2,23.6,19.2,2.2,81.1,6.6,4.8,1012.2
2019-12-18,23.4,26.6,20.0,0.0,77.0,7.9,10.5,1013.4
2019-12-19,23.7,28.7,22.0,0.0,77.2,8.0,16.2,1013.1
2019-12-20,,26.1,19.5,2.5,74.7,7.8,6.6,1012.9
2019-12-21,22.8,25.6,22.5,0.0,76.0,7.0,9.5,1013.0
2019-12-22,21.9,24.6,,6.4,69.7,6.7,7.6,1012.7
2019-12-23,,24.9,,0.0,70.5,7.5,,1013.3
2019-12-24,22.0,26.3,18.3,0.0,73.2,7.3,12.1,1012.2
2019-12-25,22.3,23.1,,,75.1,8.1,4.2,
2019-12-26,21.7,26.2,20.1,0.0,73.5,7.2,9.1,1012.7
2019-12-27,22.3,23.9,20.3,4.2,,7.0,4.8,1012.6
2019-12-28,23.4,26.1,20.2,0.0,68.8,6.9,12.2,1012.3
2019-12-29,22.8,25.4,19.9,26.1,97.5,6.8,6.2,1012.7
2019-12-30,22.8,26.4,20.4,0.0,75.9,6.9,16.7,1013.2
2019-12-31,23.0,24.5,20.5,0.0,72.7,6.6,13.3,1013.3
2020-01-01,22.4,25.8,18.7,0.0,68.5,7.0,4.0,1012.9
2020-01-02,22.4,27.5,19.9,3.5,68.0,6.5,6.5,1013.2
2020-01-03,22.3,23.9,19.4,,68.6,6.7,7.8,1013.0
2020-01-04,22.3,25.5,17.1,0.0,70.8,8.1,9.3,1013.4
2020-01-05,21.6,24.0,20.0,0.0,57.5,7.0,9.8,
2020-01-06,21.8,25.2,20.7,6.3,61.0,7.8,5.1,1012.7
2020-01-07,22.2,25.3,18.5,5.5,66.0,8.0,4.1,1012.9
2020-01-08,23.2,25.6,20.9,1.2,69.5,7.5,,1012.1
2020-01-09,23.4,26.9,20.7,,66.2,10.3,8.1,1013.4
2020-01-10,24.4,29.2,22.2,1.5,76.7,6.5,6.7,1013.2
2020-01-11,22.9,25.7,20.1,0.0,58.1,8.1,19.1,1013.5
2020-01-12,23.2,26.9,18.6,21.6,68.7,10.3,4.2,1013.5
2020-01-13,22.8,24.5,19.0,0.0,75.6,8.8,11.7,1013.1
2020-01-14,24.1,26.1,20.2,0.0,66.9,6.6,5.0,1012.7
2020-01-15,22.7,26.1,21.1,0.0,71.2,6.9,11.7,1013.5
2020-01-16,21.8,26.3,19.9,0.0,77.8,6.6,14.6,1013.9
2020-01-17,21.5,24.8,21.3,8.1,63.5,7.5,7.4,1014.7
2020-01-18,20.2,22.8,18.0,11.7,67.9,7.9,6.5,1014.5
2020-01-19,20.5,23.5,16.6,0.0,63.0,6.8,15.5,1014.4
2020-01-20,20.6,22.3,17.1,0.0,52.6,7.3,20.5,1014.1
2020-01-21,21.3,,18.5,0.0,62.1,7.7,18.0,1013.9
2020-01-22,21.9,25.7,18.9,0.0,69.0,7.0,11.4,
2020-01-23,23.3,25.8,21.0,0.0,66.6,8.6,8.7,1013.3
2020-01-24,23.5,26.0,20.3,0.0,66.8,8.1,11.9,1013.0
2020-01-25,22.5,25.8,18.8,0.0,60.5,6.4,10.3,1013.2
2020-01-26,21.7,24.3,20.4,0.0,58.5,7.4,14.5,1013.3
2020-01-27,22.3,25.2,19.0,0.0,69.8,6.6,9.7,1013.4
2020-01-28,21.3,26.4,17.4,0.0,58.9,7.2,13.1,1014.1
2020-01-29,23.0,25.8,20.4,0.0,63.3,10.0,15.9,1014.0
2020-01-30,23.6,26.2,19.9,0.0,62.2,8.7,13.1,1014.2
2020-01-31,22.7,25.1,16.9,0.0,69.7,,10.7,1015.0
2020-02-01,21.3,25.1,18.4,0.0,66.4,6.5,17.1,1015.3
2020-02-02,22.7,25.5,19.3,12.8,56.4,6.4,4.0,1015.5
2020-02-03,22.5,24.9,20.3,0.0,52.9,7.0,12.7,1015.1
2020-02-04,23.4,,20.2,0.0,63.2,6.2,13.7,1014.9
2020-02-05,21.9,26.3,18.4,4.5,60.3,7.0,7.0,1014.0
2020-02-06,21.7,24.1,18.5,0.0,56.3,6.0,14.5,1014.2
2020-02-07,22.1,23.2,20.1,0.0,64.9,6.5,15.9,1014.1
2020-02-08,22.3,26.3,19.1,0.0,59.6,6.3,14.0,1014.0
2020-02-09,22.1,24.4,17.7,0.0,58.5,10.2,13.1,1014.4
2020-02-10,22.8,26.6,19.4,0.0,62.5,7.5,13.0,1013.7
2020-02-11,22.0,23.1,18.1,0.0,55.3,6.4,12.5,
2020-02-12,22.2,26.1,19.5,0.0,66.7,6.0,16.8,1014.6
2020-02-13,22.6,24.4,18.8,0.0,52.2,6.7,12.6,1014.3
2020-02-14,23.1,26.8,19.8,0.0,60.6,6.1,17.1,1014.1
2020-02-15,23.6,26.6,21.5,0.0,65.0,,14.7,1014.2
2020-02-16,22.5,24.6,19.2,0.0,47.8,7.9,13.2,1014.7
2020-02-17,,24.3,19.7,0.0,53.7,6.8,,
2020-02-18,23.2,26.9,20.8,0.0,,6.9,12.8,1014.4
2020-02-19,23.4,26.5,20.2,0.0,62.1,6.6,17.0,1014.3
2020-02-20,22.8,26.4,19.5,0.0,53.9,8.7,15.8,1014.9
2020-02-21,24.2,29.1,22.3,0.0,50.2,8.8,13.4,1014.5
2020-02-22,23.9,25.4,19.9,0.0,60.1,6.4,16.9,1014.3
2020-02-23,24.6,29.2,21.0,9.1,63.9,5.9,8.5,1014.8
2020-02-24,24.2,27.3,21.9,0.0,46.8,6.2,19.0,1014.6
2020-02-25,25.5,27.6,24.0,23.3,53.3,5.7,9.2,1014.9
2020-02-26,26.0,27.7,23.2,4.7,56.0,6.6,8.6,1014.3
2020-02-27,24.9,27.8,22.4,0.0,56.8,6.2,12.4,1014.0
2020-02-28,,29.1,22.1,0.0,50.9,5.4,23.2,1014.6
2020-02-29,25.1,28.0,22.5,0.0,56.5,5.5,11.8,1014.1
2020-03-01,25.7,30.2,24.7,0.6,48.1,6.0,9.5,1013.9
2020-03-02,24.3,25.9,21.7,0.0,39.2,7.8,17.5,1013.9
2020-03-03,24.8,27.7,22.1,0.0,49.1,6.2,12.7,1013.4
2020-03-04,25.3,27.1,21.7,0.0,51.8,6.5,16.0,1013.2
2020-03-05,23.6,27.0,21.3,0.0,49.5,5.6,16.2,1013.2
2020-03-06,23.1,27.0,18.4,0.0,44.0,6.1,20.5,1013.2
2020-03-07,22.2,24.8,21.1,0.0,39.8,5.7,14.5,1013.8
2020-03-08,22.9,,18.6,0.5,47.5,6.3,8.0,
2020-03-09,24.1,27.3,21.4,0.0,55.6,5.0,9.9,
2020-03-10,25.5,28.9,21.6,0.0,57.5,5.7,22.2,1013.8
2020-03-11,25.2,28.7,22.2,0.0,56.9,5.3,13.9,1014.0
2020-03-12,26.3,30.5,22.1,0.0,44.6,5.3,18.2,1014.6
2020-03-13,24.8,26.7,22.2,19.3,48.2,8.7,8.5,1014.7
2020-03-14,23.7,27.3,21.8,0.0,52.1,5.0,17.1,1014.6
2020-03-15,24.2,28.4,19.8,0.0,52.7,5.1,19.9,1014.7
2020-03-16,24.9,26.1,,0.0,51.1,5.5,22.6,1014.8
2020-03-17,25.1,28.4,21.8,7.1,38.5,7.0,9.2,1014.2
2020-03-18,23.7,26.2,19.5,0.0,43.0,5.2,19.8,1014.1
2020-03-19,24.4,27.3,22.4,0.0,47.9,,18.9,1014.6
2020-03-20,24.0,27.3,20.4,0.0,50.8,6.8,21.1,1014.3
2020-03-21,25.1,27.7,22.7,0.0,52.3,4.9,,1014.2
2020-03-22,25.7,28.0,22.8,,49.6,5.0,10.7,1014.0
2020-03-23,,28.1,22.0,0.0,49.3,4.9,21.6,1012.8
2020-03-24,25.1,27.0,23.6,0.0,47.6,6.5,21.7,1012.9
2020-03-25,24.7,26.7,22.5,0.0,51.1,4.3,16.5,1013.1
2020-03-26,25.3,,20.9,0.0,48.7,4.7,-999.0,1012.9
2020-03-27,26.4,28.2,22.5,0.0,47.0,5.5,19.4,1012.4
2020-03-28,25.7,29.4,22.8,0.0,44.9,5.1,14.7,1012.1
2020-03-29,26.4,29.8,23.1,0.0,46.8,4.8,23.7,1012.7
2020-03-30,26.1,27.4,23.4,0.0,49.1,5.0,19.0,1013.6
2020-03-31,25.8,28.1,21.4,0.0,47.6,4.3,20.0,1014.2
2020-04-01,26.1,30.3,23.3,0.0,48.2,4.6,17.5,1013.4
2020-04-02,25.7,27.7,22.5,0.0,53.8,4.8,15.4,1013.8
2020-04-03,25.8,28.4,21.7,0.0,47.2,6.7,17.6,1013.4
2020-04-04,25.5,28.9,23.3,0.0,41.6,4.2,20.2,1013.1
2020-04-05,27.6,31.4,23.0,0.0,50.7,6.2,21.7,1012.9
2020-04-06,27.5,,26.0,0.0,37.0,5.0,20.2,1013.3
2020-04-07,27.0,29.4,22.3,0.0,38.6,3.7,20.9,1013.7
2020-04-08,27.4,31.8,24.7,0.0,47.0,5.2,18.9,1013.6
2020-04-09,27.4,32.1,24.6,0.0,48.0,3.7,21.5,1013.5
2020-04-10,27.4,31.3,26.3,0.0,37.4,10.7,24.6,1013.7
2020-04-11,28.0,31.1,25.5,0.0,42.4,6.0,22.3,1013.9
2020-04-12,28.5,30.7,26.6,0.0,41.0,3.9,22.7,1014.3
2020-04-13,28.0,30.1,25.6,0.0,41.7,3.8,21.3,1013.6
2020-04-14,27.6,31.1,24.8,0.0,50.2,4.0,16.0,1013.5
2020-04-15,27.7,31.1,23.7,0.0,48.7,3.9,17.5,1013.0
2020-04-16,26.3,,23.1,0.0,44.3,3.9,22.1,1013.0
2020-04-17,26.1,29.7,22.8,0.0,41.0,3.7,20.7,1013.0
2020-04-18,28.1,29.6,26.1,0.0,36.2,4.4,22.2,1013.0
2020-04-19,29.5,33.5,27.4,0.0,52.7,3.4,26.0,1012.7
2020-04-20,29.0,31.0,24.2,0.0,47.7,5.4,23.2,1012.1
2020-04-21,29.4,32.0,27.1,0.0,39.9,5.1,24.9,1011.3
2020-04-22,29.4,32.7,24.8,0.0,48.4,3.9,21.5,1011.5
2020-04-23,31.5,36.5,28.8,0.0,43.6,5.3,18.9,1011.6
2020-04-24,31.4,37.5,28.4,0.0,42.3,3.3,21.2,1011.5
2020-04-25,30.5,34.1,26.4,4.8,48.1,3.0,9.5,1012.4
2020-04-26,29.3,32.2,25.1,0.0,39.6,4.1,26.2,1012.1
2020-04-27,28.2,31.8,25.3,0.0,41.9,3.6,24.0,1012.9
2020-04-28,28.9,32.8,26.3,0.0,44.7,3.9,23.3,1013.7
2020-04-29,28.7,31.4,25.7,0.0,41.0,,25.5,1012.8
2020-04-30,28.1,32.9,24.8,0.0,48.0,7.0,,1012.9
2020-05-01,28.3,31.6,24.5,0.0,55.2,3.9,23.7,1012.8
2020-05-02,28.2,31.7,25.2,0.0,39.5,4.4,18.1,1011.5
2020-05-03,,33.8,26.6,0.0,34.1,2.8,22.1,1011.1
2020-05-04,30.8,34.2,26.2,0.0,32.1,2.8,21.3,1011.8
2020-05-05,30.6,34.4,27.2,0.0,43.2,4.2,24.3,1012.9
2020-05-06,31.6,33.9,28.3,0.0,40.2,3.2,,1013.4
2020-05-07,31.2,33.6,29.7,0.0,45.5,3.2,26.4,
2020-05-08,30.3,32.2,29.9,0.0,45.1,,20.7,1013.5
2020-05-09,31.5,35.0,28.1,0.0,34.7,3.6,24.7,1014.2
2020-05-10,31.6,35.4,28.7,0.0,33.5,2.7,23.1,1015.0
2020-05-11,,34.0,28.1,0.0,46.2,3.6,17.8,1014.5
2020-05-12,30.6,,27.3,0.0,45.4,2.6,20.0,1013.4
2020-05-13,30.1,33.1,27.2,0.0,42.1,,22.4,1012.4
2020-05-14,29.5,33.2,25.4,0.0,34.8,2.8,26.2,
2020-05-15,30.8,32.8,27.8,0.0,47.6,2.6,24.3,1013.1
2020-05-16,32.4,35.0,30.1,0.0,52.5,4.9,19.5,1013.2
2020-05-17,31.0,34.7,27.0,0.0,46.6,2.3,22.6,1012.4
2020-05-18,31.6,35.4,28.8,0.0,40.0,2.4,29.2,1012.2
2020-05-19,31.1,33.8,27.6,0.0,45.5,3.1,23.5,1012.2
2020-05-20,30.9,33.9,28.4,0.0,37.1,2.9,22.2,1012.5
2020-05-21,30.8,32.3,28.5,0.0,51.8,2.1,24.7,1012.4
2020-05-22,30.6,33.2,27.5,0.0,46.0,2.1,25.6,1012.1
2020-05-23,31.1,35.0,28.1,0.0,35.1,7.3,22.0,1011.9
2020-05-24,30.8,34.4,27.4,0.0,44.0,3.3,24.9,1012.6
2020-05-25,31.5,35.0,28.8,0.0,48.7,2.5,22.5,1012.8
2020-05-26,31.7,34.8,30.5,0.0,44.1,2.7,25.6,1013.2
2020-05-27,31.7,34.7,29.1,0.0,44.6,2.3,24.0,
2020-05-28,31.3,33.6,27.5,0.0,39.0,2.4,25.0,1011.5
2020-05-29,31.3,35.0,28.6,0.0,49.9,3.1,21.3,1011.6
2020-05-30,32.3,35.7,29.5,0.0,42.8,4.4,21.2,1011.4
2020-05-31,32.7,36.2,28.7,0.0,33.9,2.1,26.5,1011.8
2020-06-01,31.9,34.4,29.6,12.9,48.7,4.0,11.7,1013.5
2020-06-02,32.3,33.1,,0.0,53.1,2.0,24.6,1013.8
2020-06-03,33.0,37.1,30.1,0.0,45.1,,22.8,1015.0
2020-06-04,31.7,34.2,29.1,0.0,58.0,1.8,26.5,1015.0
2020-06-05,32.5,34.6,30.5,0.0,50.3,1.9,22.0,1014.4
2020-06-06,32.2,35.9,29.3,0.0,50.0,4.7,23.4,1014.4
2020-06-07,32.9,35.5,29.4,5.6,49.1,2.4,13.1,1015.0
2020-06-08,32.4,36.4,29.4,0.0,47.9,1.8,27.4,1015.6
2020-06-09,31.3,34.9,28.0,0.0,47.0,5.5,22.3,1015.0
2020-06-10,30.9,34.5,,0.0,46.9,4.2,29.8,1014.8
2020-06-11,31.8,33.4,29.1,0.0,52.2,3.3,24.9,1013.9
2020-06-12,32.5,36.7,29.3,0.0,43.6,4.9,20.8,1014.2
2020-06-13,32.2,35.4,29.7,0.0,43.0,1.9,25.1,1014.8
2020-06-14,33.1,35.7,30.9,0.0,42.9,3.8,22.8,1014.6
2020-06-15,,35.1,29.6,0.0,62.1,3.0,25.3,1014.1
2020-06-16,32.5,33.7,30.0,0.0,53.3,4.0,23.9,1014.1
2020-06-17,32.0,35.4,28.6,0.0,52.2,3.5,24.2,1014.2
2020-06-18,32.1,34.1,26.8,0.0,44.2,2.1,21.3,1014.1
2020-06-19,32.7,34.4,30.4,0.0,54.5,3.3,,1014.0
2020-06-20,32.4,33.9,29.8,13.1,54.3,1.9,10.3,1013.8
2020-06-21,32.6,36.7,29.7,0.0,52.6,2.0,,1014.2
2020-06-22,33.7,36.1,30.3,0.0,45.7,1.7,25.1,1014.4
2020-06-23,33.3,37.8,30.0,0.0,52.8,4.8,28.8,1013.8
2020-06-24,34.1,36.5,29.8,0.0,,1.9,22.9,1013.2
2020-06-25,33.1,34.4,32.5,17.3,52.9,2.4,13.0,1013.1
2020-06-26,33.7,35.6,33.1,7.7,59.3,2.1,13.6,1013.5
2020-06-27,34.8,39.0,32.3,0.0,43.6,5.4,26.4,1013.5
2020-06-28,32.6,35.5,28.5,0.0,56.5,2.0,23.0,1013.2
2020-06-29,32.5,35.0,31.1,0.0,57.5,3.3,20.6,1013.3
2020-06-30,33.5,36.6,33.5,0.0,48.4,3.8,17.3,1013.1
2020-07-01,33.5,37.0,29.9,0.0,,2.2,23.1,1013.6
2020-07-02,33.9,38.0,30.7,3.3,53.9,2.1,,1013.7
2020-07-03,33.5,37.9,31.6,13.3,60.2,3.2,10.2,1013.5
2020-07-04,33.7,36.4,31.7,0.0,53.9,4.4,25.9,1013.5
2020-07-05,33.7,35.4,31.7,0.0,57.7,3.2,20.9,1014.1
2020-07-06,34.6,37.2,31.5,0.0,65.9,1.8,24.1,1013.7
2020-07-07,34.6,37.8,32.2,0.0,52.6,4.1,25.8,1013.8
2020-07-08,34.6,,31.1,0.0,45.6,2.1,21.7,1013.7
2020-07-09,34.0,36.1,33.9,0.0,61.2,2.6,24.2,1013.8
2020-07-10,33.7,37.0,31.5,0.0,66.6,3.7,22.4,1013.4
2020-07-11,33.5,36.4,31.6,0.0,59.2,1.8,25.7,1013.5
2020-07-12,34.0,37.0,31.2,3.0,51.5,3.4,12.1,1013.9
2020-07-13,33.7,35.9,31.2,4.9,58.1,2.6,11.8,1013.4
2020-07-14,34.0,36.8,30.2,0.0,51.0,4.3,28.1,1012.8
2020-07-15,35.5,37.6,34.4,0.0,,1.8,25.4,1012.3
2020-07-16,35.5,39.4,32.5,0.0,50.2,2.2,21.3,1011.9
2020-07-17,34.7,38.7,31.1,11.5,60.3,3.7,11.5,1012.4
2020-07-18,35.3,36.4,30.4,0.0,52.9,1.6,23.1,1011.9
2020-07-19,34.5,36.5,31.9,51.6,75.5,1.8,11.7,1011.9
2020-07-20,32.8,34.3,29.5,0.0,57.3,7.2,30.8,1012.4
2020-07-21,32.5,34.9,31.3,0.0,60.9,2.0,24.2,1012.7
2020-07-22,31.7,34.7,31.1,0.0,,6.1,17.0,1012.6
2020-07-23,32.4,,28.5,0.0,54.5,1.9,21.4,1012.8
2020-07-24,33.0,35.1,30.0,0.0,64.5,2.2,17.2,1012.9
2020-07-25,34.5,36.5,30.4,0.0,60.8,3.4,21.9,1012.9
2020-07-26,34.5,37.7,32.9,0.0,55.4,3.0,16.9,1012.8
2020-07-27,34.1,37.1,30.6,0.0,75.1,2.8,20.2,1013.9
2020-07-28,34.6,36.8,29.7,0.0,64.9,2.7,18.2,1014.2
2020-07-29,32.7,35.8,29.2,12.4,65.1,4.0,11.9,1015.1
2020-07-30,33.3,35.7,30.0,14.4,,2.1,11.3,1014.6
2020-07-31,34.0,36.7,31.0,1.4,74.4,2.5,11.7,1014.4
2020-08-01,32.8,37.5,31.4,15.4,67.0,2.1,11.1,1013.6
2020-08-02,34.0,38.3,29.6,0.0,65.6,3.0,18.2,1013.2
2020-08-03,34.1,35.8,31.7,0.0,57.9,2.3,23.8,1014.1
2020-08-04,33.6,37.4,30.1,0.0,63.3,2.4,,1013.7
2020-08-05,34.0,37.8,32.6,0.0,63.3,2.7,23.4,1014.5
2020-08-06,35.4,37.3,33.6,0.0,65.9,,20.8,1013.8
2020-08-07,34.8,38.6,,0.0,67.1,2.1,17.7,1013.2
2020-08-08,34.4,38.9,31.7,,68.7,3.4,19.2,1013.1
2020-08-09,33.7,35.5,29.2,6.1,68.9,2.7,11.6,
2020-08-10,32.9,35.0,30.0,13.1,62.7,4.5,12.5,1013.5
2020-08-11,33.6,,32.5,0.0,60.7,3.5,22.5,1013.7
2020-08-12,32.9,36.1,29.0,0.0,63.3,2.1,24.0,1013.4
2020-08-13,33.0,36.6,30.6,12.1,68.8,3.3,11.8,1013.3
2020-08-14,32.7,36.1,29.0,1.7,74.0,2.3,11.5,1013.2
2020-08-15,33.2,36.6,30.2,0.0,60.5,4.1,19.4,1012.8
2020-08-16,33.4,,31.9,,70.6,8.0,10.9,1012.4
2020-08-17,33.9,38.0,30.8,0.0,73.8,3.2,18.6,1013.0
2020-08-18,33.1,37.3,27.9,0.0,66.6,3.7,21.1,1012.2
2020-08-19,32.8,35.6,29.3,0.0,71.4,2.7,22.0,1013.1
2020-08-20,32.1,35.0,29.1,0.0,68.1,3.1,26.0,1013.0
2020-08-21,32.0,33.5,,0.0,70.8,4.7,16.9,1012.7
2020-08-22,32.5,36.0,29.3,0.0,68.1,2.7,22.2,1013.1
2020-08-23,33.1,,29.9,0.0,73.8,,25.1,1013.8
2020-08-24,32.2,,30.3,0.0,60.8,,22.8,1014.2
2020-08-25,32.9,,29.7,6.9,70.2,,11.5,1014.3
2020-08-26,33.7,,29.6,0.0,72.4,,22.1,1014.6
2020-08-27,33.4,,31.2,0.0,74.1,,24.2,1013.6
2020-08-28,34.3,,29.8,0.0,,,16.9,1013.4
2020-08-29,32.9,,29.9,0.0,69.1,,15.9,1012.9
2020-08-30,31.6,,29.5,0.0,80.6,,20.0,1013.5
2020-08-31,30.5,,26.5,5.0,69.5,,6.7,1013.3
2020-09-01,32.1,,29.4,0.0,,,23.5,1013.7
2020-09-02,32.5,,28.7,,77.4,,23.3,1013.9
2020-09-03,32.1,36.0,29.4,0.0,67.2,3.0,18.3,1013.4
2020-09-04,32.1,34.7,29.2,0.0,74.8,3.1,18.4,1013.1
2020-09-05,31.1,32.5,27.6,10.4,76.0,6.2,9.6,1013.7
2020-09-06,33.0,37.8,29.7,0.0,77.2,4.0,19.4,1013.3
2020-09-07,32.5,36.8,31.5,0.1,72.4,5.0,9.8,1013.3
2020-09-08,,33.8,30.2,0.1,72.1,3.6,10.4,1013.0
2020-09-09,32.3,36.0,28.3,0.0,82.4,4.2,18.5,1012.9
2020-09-10,32.2,34.7,29.3,5.4,75.4,4.0,10.9,1012.9
2020-09-11,31.9,35.1,29.4,0.0,79.5,6.7,20.1,1012.6
2020-09-12,30.9,,29.3,9.3,76.2,4.9,,1012.3
2020-09-13,31.3,34.0,29.3,2.8,85.9,4.9,11.3,1012.5
2020-09-14,32.4,34.6,31.4,0.0,71.2,3.4,14.4,1012.3
2020-09-15,32.7,35.0,29.8,0.0,71.8,4.3,18.1,1012.1
2020-09-16,33.0,,30.6,0.0,84.8,4.2,21.2,1011.8
2020-09-17,31.6,33.8,29.6,0.0,73.2,6.6,16.0,1012.0
2020-09-18,30.4,33.4,27.5,0.0,85.7,3.9,19.0,1012.6
2020-09-19,30.3,32.6,26.9,6.1,83.4,3.9,9.8,1013.4
2020-09-20,30.3,34.0,25.2,1.8,76.0,4.2,7.6,1013.0
2020-09-21,31.0,35.5,29.5,5.7,67.4,4.0,8.8,1014.0
2020-09-22,29.4,31.8,,0.0,76.7,3.8,17.2,1013.5
2020-09-23,30.7,34.0,26.7,0.0,77.6,,15.9,1013.9
2020-09-24,30.2,33.7,28.0,11.2,87.5,4.7,12.2,1013.5
2020-09-25,29.7,33.2,26.5,0.0,86.8,6.2,15.0,1013.1
2020-09-26,29.0,,26.4,0.0,73.3,6.0,20.2,1012.8
2020-09-27,28.0,31.7,24.8,0.6,82.6,4.3,8.0,1012.8
2020-09-28,29.2,32.6,24.7,7.3,84.5,4.9,6.9,1013.1
2020-09-29,29.3,31.0,25.7,0.0,84.4,4.1,17.2,1013.5
2020-09-30,28.3,32.2,24.8,0.0,81.0,7.0,18.8,1013.0
2020-10-01,27.7,31.6,25.2,0.0,66.5,4.7,19.5,1012.6
2020-10-02,28.0,30.2,26.5,20.7,83.6,4.7,10.7,1012.3
2020-10-03,29.6,32.6,26.8,,71.5,4.6,25.4,1012.4
2020-10-04,29.1,32.8,24.9,7.0,79.5,4.9,8.6,1012.4
2020-10-05,27.9,30.6,26.4,4.1,85.8,4.6,7.2,1012.1
2020-10-06,28.0,32.1,26.0,0.0,80.6,4.8,17.6,1012.4
2020-10-07,28.0,33.4,24.9,12.0,89.4,6.2,7.7,1013.5
2020-10-08,26.2,28.4,24.2,0.0,81.1,6.5,18.8,1013.3
2020-10-09,27.0,28.6,24.8,14.9,,4.8,6.0,1013.1
2020-10-10,27.3,30.6,24.8,0.0,64.1,5.2,22.9,
2020-10-11,28.1,31.9,,0.0,80.2,7.0,18.3,1013.1
2020-10-12,29.4,32.2,27.4,13.8,,4.6,5.3,1013.4
2020-10-13,29.6,34.1,25.9,0.0,73.6,7.2,13.4,1013.1
2020-10-14,28.7,,27.0,9.7,72.2,4.9,8.9,
2020-10-15,27.5,,26.1,0.0,75.2,6.0,18.9,
2020-10-16,29.4,,27.0,2.8,79.3,5.7,5.7,
2020-10-17,28.7,,24.9,2.8,84.6,5.7,8.7,
2020-10-18,28.2,,,10.3,84.0,7.1,4.6,
2020-10-19,27.8,,25.3,2.1,90.1,4.9,7.4,
2020-10-20,27.7,-999.0,24.6,0.0,73.6,5.4,18.2,
2020-10-21,27.3,,26.1,10.0,88.2,5.8,6.6,
2020-10-22,26.8,,23.3,1.5,80.7,6.9,5.1,
2020-10-23,26.4,,23.0,0.9,84.4,5.3,7.5,
2020-10-24,26.5,,23.9,2.2,78.0,7.0,6.4,
2020-10-25,26.2,,22.2,0.0,86.4,5.7,16.4,
2020-10-26,25.8,28.8,24.0,0.0,81.8,,11.7,1012.1
2020-10-27,26.2,,22.0,0.4,76.0,6.8,6.0,1012.2
2020-10-28,26.1,28.6,22.9,0.0,79.9,5.3,8.2,1012.1
2020-10-29,,31.7,24.6,0.0,78.6,6.1,14.7,1012.6
2020-10-30,24.9,26.6,21.9,-999.0,83.9,5.3,6.8,1013.1
2020-10-31,26.2,30.0,,0.0,72.9,5.8,10.4,
2020-11-01,27.0,29.7,,0.0,79.8,6.4,14.5,
2020-11-02,25.0,27.8,,0.0,82.3,6.3,16.9,
2020-11-03,25.1,28.9,,0.0,80.1,6.0,13.1,
2020-11-04,25.1,28.4,,1.7,88.4,6.1,7.2,
2020-11-05,24.3,27.8,,0.0,84.4,5.8,14.4,
2020-11-06,24.2,28.2,,0.0,79.7,6.2,9.9,
2020-11-07,23.9,26.5,,0.0,81.0,9.2,19.7,
2020-11-08,25.7,28.1,,0.0,81.4,7.8,12.0,
2020-11-09,26.2,28.1,,8.7,84.6,5.8,7.7,
2020-11-10,26.7,28.9,,0.0,68.5,5.7,15.6,
2020-11-11,26.5,32.5,,0.0,77.6,8.9,12.8,
2020-11-12,25.1,29.3,,0.2,70.5,6.6,7.5,
2020-11-13,24.6,26.3,21.1,10.6,90.1,6.7,6.9,1012.9
2020-11-14,25.0,26.7,22.7,0.0,78.8,7.6,8.8,1012.9
2020-11-15,24.0,27.5,22.7,13.4,81.9,6.2,6.0,1012.7
2020-11-16,24.8,28.3,21.3,24.7,91.8,6.6,5.5,1011.6
2020-11-17,24.5,28.0,23.6,0.0,81.4,10.0,11.5,1012.1
2020-11-18,24.2,26.9,21.5,19.2,77.7,7.2,4.5,1012.5
2020-11-19,24.8,27.6,20.8,0.0,78.2,6.1,16.1,1013.3
2020-11-20,24.9,28.2,21.7,3.6,77.6,6.1,8.8,1013.0
2020-11-21,24.3,27.4,19.4,5.0,69.4,6.2,7.8,1012.6
2020-11-22,25.1,25.9,21.1,0.0,74.1,7.7,16.4,1011.5
2020-11-23,23.9,26.7,21.5,0.0,77.0,6.4,11.5,1011.6
2020-11-24,24.4,26.5,21.3,1.9,,6.1,5.3,1012.3
2020-11-25,24.6,27.8,21.6,20.0,75.0,9.5,5.1,1012.1
2020-11-26,24.1,30.0,22.6,0.0,84.6,6.3,14.4,1013.3
2020-11-27,24.2,27.5,22.1,30.9,86.2,6.1,,
2020-11-28,23.1,25.7,20.6,17.0,82.7,6.5,6.1,1013.2
2020-11-29,23.9,27.9,23.0,2.6,80.4,6.5,8.1,1012.6
2020-11-30,23.6,27.1,20.6,0.0,72.3,6.8,13.5,1012.8
2020-12-01,23.2,26.6,20.4,0.0,79.6,9.2,9.8,1012.0
2020-12-02,24.0,27.6,22.7,0.0,74.5,8.8,10.2,1012.5
2020-12-03,23.2,28.3,19.8,0.0,71.1,7.0,14.3,1013.0
2020-12-04,22.2,24.1,18.5,0.0,79.8,6.9,15.3,1013.6
2020-12-05,21.5,25.0,18.3,0.0,85.1,7.2,13.8,1013.1
2020-12-06,22.6,24.7,19.9,0.0,80.3,6.6,17.8,1013.2
2020-12-07,21.9,25.4,18.3,0.0,81.3,6.4,8.5,1013.5
2020-12-08,23.6,25.7,19.9,0.0,72.4,9.7,13.4,1013.6
2020-12-09,21.8,24.4,18.5,0.0,65.8,6.6,9.6,1013.2
2020-12-10,23.5,26.2,21.3,0.0,84.1,6.6,8.1,1012.1
2020-12-11,23.4,27.4,20.1,5.6,88.9,7.1,5.4,1012.4
2020-12-12,23.1,27.0,18.9,0.4,84.1,7.2,7.2,1012.5
2020-12-13,22.5,24.3,20.1,0.0,72.5,6.4,17.5,1012.4
2020-12-14,22.9,25.9,17.8,0.0,67.3,6.6,13.3,1012.8
2020-12-15,22.8,25.1,20.3,0.0,67.6,7.0,15.5,1012.9
2020-12-16,23.5,25.2,20.5,5.0,65.2,7.8,5.6,1012.3
2020-12-17,23.2,26.0,20.9,0.0,72.9,6.7,13.9,1011.6
2020-12-18,23.0,25.7,19.8,0.0,83.0,7.1,14.5,1011.3
2020-12-19,22.5,28.0,21.3,0.0,72.2,,6.1,1012.7
2020-12-20,22.5,25.9,20.0,0.0,74.6,9.1,10.8,1013.1
2020-12-21,22.7,24.3,20.7,0.0,80.8,6.9,14.9,1013.2
2020-12-22,21.3,23.7,18.2,0.0,69.9,6.6,12.8,1013.1
2020-12-23,20.7,24.8,16.7,0.0,84.3,7.3,8.4,1013.0
2020-12-24,21.9,27.0,18.3,0.0,83.8,8.1,4.7,1013.6
2020-12-25,22.2,23.6,21.5,3.8,71.9,6.6,5.5,1013.3
2020-12-26,22.1,23.2,17.0,5.0,69.3,7.2,5.9,1013.6
2020-12-27,22.1,27.0,18.8,0.0,75.2,6.5,9.4,1013.4
2020-12-28,22.4,25.8,20.2,0.0,68.7,6.5,12.5,1014.2
2020-12-29,21.9,24.0,18.8,0.0,63.5,7.3,13.6,
2020-12-30,21.4,25.0,18.3,0.0,77.9,6.9,14.1,1014.8
2020-12-31,21.8,22.2,19.5,6.3,79.1,8.7,2.5,1014.3
2021-01-01,21.3,24.3,18.1,0.0,70.9,7.6,8.2,1014.6
2021-01-02,21.9,25.2,19.5,0.0,,7.2,11.2,1014.3
2021-01-03,20.7,24.7,18.1,0.0,62.0,7.1,13.9,1014.2
2021-01-04,22.0,24.0,19.7,0.0,69.7,7.3,13.7,1014.8
2021-01-05,22.4,25.4,20.8,0.0,65.8,6.5,13.6,1014.1
2021-01-06,22.4,24.5,19.3,,68.0,9.2,5.6,1014.0
2021-01-07,23.0,26.2,19.4,0.0,74.4,14.1,11.3,1014.1
2021-01-08,23.8,25.9,20.3,6.0,74.1,6.7,5.1,1014.2
2021-01-09,23.8,26.4,20.0,0.0,75.9,6.6,14.7,1013.9
2021-01-10,21.8,23.8,18.4,0.0,61.4,,9.6,1014.7
2021-01-11,20.9,24.6,18.5,0.0,65.0,7.8,15.0,1013.9
2021-01-12,20.9,24.8,17.1,0.0,71.3,7.7,13.1,1014.5
2021-01-13,21.4,24.1,19.7,0.0,69.1,8.7,12.4,1014.8
2021-01-14,22.0,25.0,19.9,0.0,75.3,8.1,10.6,1015.5
2021-01-15,21.5,23.0,19.4,0.0,68.4,7.1,8.5,1014.4
2021-01-16,21.8,,17.7,0.0,76.6,7.5,10.7,1013.8
2021-01-17,21.4,24.3,17.4,0.0,68.5,7.8,11.7,1014.4
2021-01-18,21.2,26.8,17.7,0.0,71.3,7.2,5.6,1013.4
2021-01-19,20.5,22.4,16.4,0.0,62.7,7.1,12.2,1012.7
2021-01-20,20.5,24.9,18.3,0.7,64.6,7.6,7.8,1012.5
2021-01-21,20.1,24.1,16.8,21.7,,7.3,7.3,1012.7
2021-01-22,20.2,23.5,17.3,0.0,73.4,7.6,11.5,1013.5
2021-01-23,21.7,26.5,17.9,0.0,67.8,7.4,13.2,1013.4
2021-01-24,21.2,24.6,18.3,0.0,62.6,7.8,11.4,1013.1
2021-01-25,23.5,26.9,20.9,0.0,71.0,7.5,13.6,1013.3
2021-01-26,23.3,26.2,19.8,8.0,51.7,7.1,8.9,1013.5
2021-01-27,23.0,27.2,19.1,0.0,53.6,7.6,16.2,1013.6
2021-01-28,22.1,26.2,19.7,0.0,65.9,6.9,14.9,1013.5
2021-01-29,22.6,,19.7,0.0,61.6,6.5,11.9,1012.6
2021-01-30,22.1,23.8,20.1,1.7,65.4,6.2,7.8,1012.3
2021-01-31,22.3,25.1,21.8,0.0,61.3,7.1,8.5,1013.1
2021-02-01,24.1,26.3,20.9,0.0,64.0,7.2,12.8,1013.2
2021-02-02,23.4,26.3,19.8,0.0,55.4,10.4,15.4,1013.0
2021-02-03,23.8,28.0,20.5,0.0,63.4,6.6,16.0,1013.6
2021-02-04,22.8,25.3,21.7,0.0,65.6,6.7,15.8,1013.0
2021-02-05,22.6,25.6,20.0,0.0,66.7,,14.8,1012.9
2021-02-06,23.9,26.9,23.1,0.0,71.2,6.1,13.4,1013.1
2021-02-07,22.9,26.7,18.5,5.1,61.8,7.8,7.8,1012.9
2021-02-08,24.1,24.8,22.2,0.0,60.1,6.3,11.2,1013.0
2021-02-09,24.0,26.4,19.8,0.0,49.0,7.1,11.7,1012.9
2021-02-10,23.1,26.3,19.2,23.4,61.7,7.3,7.2,1012.4
2021-02-11,23.4,27.6,21.3,10.6,59.6,6.6,7.4,1012.6
2021-02-12,23.9,26.4,22.0,0.0,63.6,,9.0,1012.1
2021-02-13,23.9,25.0,20.6,0.0,53.3,6.5,15.9,1012.3
2021-02-14,22.4,26.0,20.2,,61.4,,16.9,1013.1
2021-02-15,22.1,24.5,19.0,0.0,56.4,8.5,14.5,1013.0
2021-02-16,22.3,24.1,19.8,5.6,56.7,8.1,10.9,1012.5
2021-02-17,22.6,24.9,21.3,9.6,60.1,5.9,6.4,1012.6
2021-02-18,23.2,26.1,22.5,0.0,53.1,5.7,13.9,1012.3
2021-02-19,23.4,25.8,20.1,14.3,56.9,5.7,6.9,1012.7
2021-02-20,22.4,23.2,19.9,0.0,44.7,6.0,14.9,1012.7
2021-02-21,23.0,26.9,20.6,0.0,53.1,,14.2,1013.6
2021-02-22,23.6,27.9,19.9,0.0,51.5,6.5,11.1,1014.0
2021-02-23,24.0,27.6,19.8,0.0,,6.1,13.8,1013.9
2021-02-24,24.6,26.4,21.9,3.3,57.3,8.1,7.6,1014.1
2021-02-25,24.8,27.6,22.1,0.0,57.5,6.1,19.3,1013.8
2021-02-26,24.7,27.7,21.2,0.0,54.6,5.8,22.3,1013.7
2021-02-27,24.3,27.9,22.6,0.0,59.0,8.8,19.8,1013.5
2021-02-28,22.9,26.6,19.7,0.0,56.2,7.6,13.6,1013.8
2021-03-01,23.6,25.9,20.1,0.0,50.7,7.5,13.9,1014.4
2021-03-02,23.9,27.0,20.2,0.0,49.4,6.1,15.6,1014.6
2021-03-03,24.2,27.6,23.1,0.0,53.8,7.1,21.5,1014.8
2021-03-04,23.2,27.7,21.0,0.0,55.1,,15.8,1015.0
2021-03-05,22.9,26.6,20.7,0.0,59.8,6.2,12.4,1014.9
2021-03-06,24.2,28.0,21.1,0.0,58.3,10.0,15.0,1014.2
2021-03-07,24.2,27.3,20.8,0.0,47.7,5.5,18.8,1014.8
2021-03-08,24.8,29.2,20.3,0.0,50.1,6.9,18.7,1015.4
2021-03-09,24.7,28.1,22.2,0.0,54.5,5.8,16.2,1015.0
2021-03-10,24.7,26.9,22.2,0.0,56.6,5.0,18.9,1014.5
2021-03-11,25.4,29.8,21.2,,55.6,6.6,10.2,1014.6
2021-03-12,24.8,28.5,21.5,0.0,49.4,5.1,17.4,1014.7
2021-03-13,24.9,27.5,20.6,0.0,42.0,6.0,19.8,
2021-03-14,24.6,27.1,21.3,0.0,43.3,4.9,14.8,1013.6
2021-03-15,24.5,27.8,22.6,0.0,50.7,,14.9,1013.7
2021-03-16,24.5,28.0,22.9,0.0,50.9,5.1,11.9,1013.9
2021-03-17,25.0,28.2,23.5,0.0,42.1,5.0,22.4,1014.1
2021-03-18,24.8,28.1,21.1,0.0,48.7,,15.5,1014.1
2021-03-19,26.0,30.7,21.8,0.0,52.0,8.1,18.5,1013.9
2021-03-20,25.1,29.2,20.3,0.0,41.1,6.0,19.7,1014.2
2021-03-21,25.2,28.4,21.4,0.0,,6.1,22.5,1014.1
2021-03-22,25.1,29.0,20.9,0.0,45.4,5.3,17.6,1013.8
2021-03-23,26.4,28.4,24.0,0.0,55.0,5.2,16.6,1013.6
2021-03-24,26.4,29.8,24.5,0.0,44.1,4.5,18.8,1012.8
2021-03-25,27.0,31.8,23.1,0.0,41.0,5.3,22.3,1012.8
2021-03-26,25.6,,22.1,0.0,44.2,4.6,18.0,1013.2
2021-03-27,26.0,28.2,22.9,0.0,46.2,8.8,15.8,
2021-03-28,,29.1,23.4,0.0,44.3,6.1,14.1,1014.0
2021-03-29,26.7,28.6,23.4,0.0,45.2,4.8,15.2,1013.8
2021-03-30,27.4,29.6,23.1,0.0,48.3,4.3,21.5,1013.9
2021-03-31,26.7,29.3,22.4,0.0,45.1,5.9,18.1,1014.2
2021-04-01,27.7,29.3,24.2,11.8,49.2,4.2,8.7,1015.1
2021-04-02,29.0,32.0,25.2,0.0,35.6,4.2,17.1,1014.9
2021-04-03,27.9,31.8,24.4,0.0,48.1,4.2,19.6,1014.2
2021-04-04,27.2,29.3,24.7,0.0,45.1,4.9,18.7,1014.4
2021-04-05,28.2,32.8,24.5,0.0,55.1,,18.7,1015.1
2021-04-06,29.0,32.5,27.4,0.0,39.7,4.2,23.7,1014.7
2021-04-07,27.9,32.0,23.9,5.4,36.0,3.9,12.2,1014.8
2021-04-08,27.4,29.8,25.6,0.0,48.8,,15.0,1015.1
2021-04-09,27.3,31.1,24.0,10.7,50.3,5.3,,1015.3
2021-04-10,26.5,28.4,24.3,0.0,38.9,3.9,17.7,1015.1
2021-04-11,26.3,30.2,22.8,0.0,35.7,3.9,19.4,1014.5
2021-04-12,26.2,29.4,23.2,0.0,54.0,7.1,21.1,1014.3
2021-04-13,26.3,29.9,24.9,0.0,53.1,7.2,19.7,1014.3
2021-04-14,27.0,28.8,23.6,32.5,39.4,9.0,10.6,1014.6
2021-04-15,27.6,29.7,25.2,0.0,41.8,5.4,,1014.5
2021-04-16,29.0,32.6,25.1,0.0,54.4,3.6,21.5,1014.2
2021-04-17,28.0,30.1,25.0,0.0,41.5,3.6,18.7,1014.3
2021-04-18,28.9,32.4,25.5,0.0,41.4,3.8,18.9,1014.5
2021-04-19,28.6,30.3,26.6,0.0,42.6,3.7,,1014.5
2021-04-20,28.6,32.5,26.2,0.0,,7.0,18.4,1013.9
2021-04-21,29.2,30.9,26.6,0.6,34.1,5.0,,1013.7
2021-04-22,28.2,31.8,24.4,0.0,50.4,4.7,18.8,1014.1
2021-04-23,28.8,32.4,24.1,0.0,33.0,3.3,17.6,1013.3
2021-04-24,29.0,31.3,26.8,0.0,45.5,5.9,22.3,1012.4
2021-04-25,29.4,33.0,25.4,0.0,49.4,5.1,21.1,1013.2
2021-04-26,29.6,32.9,28.8,7.2,37.5,3.2,10.4,1013.4
2021-04-27,31.3,33.7,29.5,0.0,38.5,5.4,25.8,1013.7
2021-04-28,30.1,32.1,,0.0,51.3,3.3,23.3,1013.1
2021-04-29,29.5,30.5,27.9,0.0,47.2,3.0,20.1,1013.5
2021-04-30,29.1,32.5,27.7,0.0,40.3,4.1,20.5,1013.6
2021-05-01,29.0,30.4,25.6,0.0,51.2,4.0,20.4,1012.8
2021-05-02,28.9,32.0,26.1,0.0,51.3,2.9,24.6,1013.5
2021-05-03,30.2,32.9,26.8,0.0,45.7,3.2,21.1,1013.5
2021-05-04,31.2,34.8,27.5,0.0,38.7,8.6,16.7,1013.3
2021-05-05,30.4,33.1,27.1,1.8,42.2,4.0,11.0,1013.1
2021-05-06,29.7,32.4,26.1,0.0,45.9,4.2,17.7,1012.3
2021-05-07,30.3,34.0,27.4,0.1,43.1,2.8,14.4,1012.7
2021-05-08,30.0,33.3,28.2,0.0,49.9,2.6,19.5,1012.9
2021-05-09,30.7,34.0,26.6,0.0,35.1,2.9,22.0,1012.8
2021-05-10,30.8,34.3,28.4,0.0,35.4,2.8,23.3,1013.5
2021-05-11,29.7,31.1,27.6,0.0,45.5,2.7,21.8,1012.8
2021-05-12,31.3,35.0,28.4,0.0,41.5,2.6,21.8,1012.6
2021-05-13,32.4,36.0,30.3,0.0,40.8,3.4,24.0,1012.3
2021-05-14,31.4,33.4,28.8,0.0,34.0,2.8,27.4,1012.3
2021-05-15,31.0,33.8,27.7,0.0,44.8,4.4,25.2,1012.5
2021-05-16,31.3,34.2,27.9,0.0,44.5,2.5,,1012.8
2021-05-17,31.5,34.4,29.4,0.0,48.8,3.0,19.8,1012.7
2021-05-18,31.9,35.3,29.4,0.0,45.4,2.2,24.0,1012.4
2021-05-19,33.2,37.6,29.1,0.0,44.3,3.0,23.6,1013.3
2021-05-20,32.4,36.5,28.9,0.0,52.3,2.2,24.2,1014.4
2021-05-21,31.5,33.2,26.4,0.0,37.4,6.7,27.3,1014.3
2021-05-22,30.6,34.2,26.4,0.0,48.6,4.0,22.6,1013.8
2021-05-23,30.5,34.9,26.4,0.0,35.5,2.9,22.1,1014.4
2021-05-24,31.0,34.4,29.4,0.0,40.6,2.1,25.0,1013.5
2021-05-25,,36.8,28.9,0.0,38.5,3.1,,1013.3
2021-05-26,32.0,37.1,29.1,0.0,50.6,3.7,22.7,1013.0
2021-05-27,32.2,36.2,29.8,0.0,45.7,2.2,23.1,1012.5
2021-05-28,32.2,35.4,29.0,0.0,46.2,2.9,20.8,1012.5
2021-05-29,33.1,37.1,29.1,0.0,39.7,3.9,26.7,1012.2
2021-05-30,34.6,37.7,31.1,0.0,44.7,3.6,20.4,1012.4
2021-05-31,33.3,36.3,31.2,0.0,42.1,3.8,23.2,1012.5
2021-06-01,32.6,35.3,28.9,0.0,49.2,4.4,24.6,1012.4
2021-06-02,33.3,37.9,31.0,0.0,41.1,5.1,27.8,1012.3
2021-06-03,33.5,35.7,30.3,0.0,55.2,2.4,23.7,1012.4
2021-06-04,34.5,39.0,31.8,0.0,37.3,2.8,26.6,1012.9
2021-06-05,34.2,37.7,31.4,0.0,42.7,3.6,25.9,1012.9
2021-06-06,33.4,,29.6,0.0,57.8,3.2,24.2,1013.3
2021-06-07,33.6,37.0,31.6,9.8,48.3,8.2,10.3,1013.5
2021-06-08,34.1,35.0,29.2,0.0,,1.7,19.6,1013.8
2021-06-09,34.2,37.9,33.1,0.0,49.7,2.2,24.2,1014.3
2021-06-10,34.1,38.0,31.7,0.0,45.7,2.1,22.3,1013.6
2021-06-11,34.5,36.9,31.1,0.0,43.7,2.0,26.7,1013.4
2021-06-12,34.8,37.9,31.2,0.0,42.4,1.9,26.2,1014.1
2021-06-13,35.1,40.1,32.2,4.1,67.0,3.1,11.7,1013.9
2021-06-14,34.8,37.3,31.9,6.9,50.0,1.7,10.2,1012.5
2021-06-15,34.1,36.0,30.7,0.0,38.1,3.2,25.5,1012.5
2021-06-16,33.9,38.4,31.1,0.0,58.8,3.0,20.9,1012.7
2021-06-17,34.6,39.5,30.2,0.0,53.8,1.9,21.7,1011.6
2021-06-18,33.5,36.5,29.7,0.0,45.7,1.9,21.1,1012.5
2021-06-19,33.8,37.8,29.9,0.0,45.0,2.7,23.6,1012.3
2021-06-20,33.4,37.7,31.3,0.0,54.8,3.3,27.5,1012.6
2021-06-21,33.5,35.7,30.5,0.0,49.6,4.1,24.0,1012.6
2021-06-22,34.4,37.0,31.7,0.0,39.7,3.8,22.7,1012.1
2021-06-23,34.2,38.5,32.3,6.5,64.2,5.5,9.7,1011.8
2021-06-24,34.0,38.7,30.7,0.0,49.2,2.6,25.6,1011.6
2021-06-25,32.9,36.5,30.5,2.7,61.8,4.4,10.8,1012.3
2021-06-26,33.8,35.9,30.1,0.0,60.0,3.5,24.3,1012.4
2021-06-27,34.2,39.2,32.3,3.9,47.7,4.2,11.4,1012.3
2021-06-28,35.6,38.1,,0.0,59.0,1.5,26.5,1012.0
2021-06-29,34.7,37.3,32.6,0.0,49.2,5.6,23.5,1012.7
2021-06-30,34.5,37.8,31.3,0.0,42.2,2.3,23.7,1013.5
2021-07-01,34.4,39.0,30.6,0.0,51.1,3.4,25.4,1014.0
2021-07-02,35.3,39.2,32.9,0.0,56.3,1.7,30.2,1014.1
2021-07-03,34.7,38.1,30.8,0.0,51.4,2.1,26.5,1014.1
2021-07-04,34.6,38.0,32.8,6.4,,1.9,11.8,1013.4
2021-07-05,34.8,37.8,30.3,0.0,61.6,1.9,23.8,1013.3
2021-07-06,34.6,38.1,31.6,10.9,59.0,1.7,11.1,1013.0
2021-07-07,34.0,34.5,31.6,0.0,50.3,3.5,20.9,1012.2
2021-07-08,,36.8,31.4,0.0,59.8,1.5,22.1,1012.8
2021-07-09,34.8,38.1,31.0,0.0,57.1,,21.4,1012.6
2021-07-10,33.8,35.6,31.3,0.0,41.1,1.8,25.6,1013.2
2021-07-11,34.0,37.3,31.7,0.0,59.1,2.6,20.4,1013.6
2021-07-12,33.5,36.3,30.7,0.0,59.2,1.9,27.6,1013.8
2021-07-13,34.5,39.3,32.7,0.0,57.2,1.9,25.8,1014.0
2021-07-14,33.2,37.8,28.4,1.5,63.2,2.4,11.8,1013.6
2021-07-15,33.1,35.7,30.7,0.0,53.7,2.8,,1014.4
2021-07-16,33.8,36.6,29.9,0.0,60.0,1.7,21.7,1014.2
2021-07-17,35.0,37.9,31.8,0.0,48.9,,24.2,1014.2
2021-07-18,34.5,37.1,32.5,0.0,61.1,1.9,26.6,1013.8
2021-07-19,33.9,37.1,30.9,1.7,71.1,6.0,10.6,1013.3
2021-07-20,35.3,37.5,31.5,0.0,53.3,2.2,18.6,1013.5
2021-07-21,33.7,35.6,30.9,2.4,55.7,2.7,12.6,1013.6
2021-07-22,32.2,35.8,28.0,0.0,55.6,2.0,24.1,1013.2
2021-07-23,33.2,36.9,29.2,0.0,60.9,2.5,19.7,1012.5
2021-07-24,33.1,,29.2,0.0,54.1,1.8,20.8,1012.1
2021-07-25,32.7,36.6,30.2,1.9,63.9,1.7,10.2,1012.8
2021-07-26,33.7,36.0,31.8,0.0,,2.5,20.7,1012.6
2021-07-27,33.9,37.2,31.5,0.0,64.6,2.3,21.9,1012.5
2021-07-28,33.5,37.3,30.3,0.0,51.1,,22.0,1013.3
2021-07-29,32.7,35.6,29.1,0.0,68.0,3.2,20.8,1012.8
2021-07-30,33.7,37.2,32.9,0.0,67.9,7.7,20.4,1012.5
2021-07-31,34.2,36.7,31.2,0.0,67.6,2.4,21.9,1012.3
2021-08-01,33.9,36.7,30.8,0.0,65.2,3.0,23.0,1013.2
2021-08-02,35.2,38.0,32.4,,64.9,5.8,10.7,1014.1
2021-08-03,33.8,36.0,29.5,0.0,69.7,4.0,25.9,1014.3
2021-08-04,32.6,35.4,29.2,,75.4,2.7,23.8,1014.5
2021-08-05,32.5,33.9,28.2,1.8,59.0,3.5,8.7,1014.0
2021-08-06,32.9,35.4,30.1,1.6,71.4,2.1,11.9,1014.8
2021-08-07,33.3,36.0,29.4,0.0,64.3,2.8,23.9,1014.7
2021-08-08,33.2,35.9,28.5,1.2,64.7,2.4,10.4,1014.9
2021-08-09,33.5,36.3,29.2,0.0,56.2,2.2,17.4,1014.6
2021-08-10,32.6,35.5,30.6,5.1,65.5,2.7,10.9,
2021-08-11,33.9,37.4,31.1,0.0,60.0,2.3,21.7,1014.8
2021-08-12,33.6,37.5,30.9,0.0,63.5,3.6,18.3,1014.8
2021-08-13,,36.6,30.7,0.0,60.0,2.9,17.3,1015.3
2021-08-14,34.1,35.8,30.4,0.0,64.2,3.1,21.3,1015.1
2021-08-15,34.0,36.0,31.8,0.0,64.8,2.4,20.7,1014.4
2021-08-16,34.0,36.5,31.0,0.0,68.1,2.4,20.1,1014.0
2021-08-17,33.9,36.6,33.0,8.1,60.5,,10.5,1013.9
2021-08-18,34.0,36.2,29.6,0.1,59.4,7.3,8.9,1013.5
2021-08-19,34.5,36.2,32.0,0.3,70.6,2.4,9.9,1013.0
2021-08-20,34.0,36.5,30.9,0.0,63.9,2.8,22.6,1013.6
2021-08-21,34.0,37.2,31.3,9.2,78.2,4.8,9.9,1013.3
2021-08-22,33.4,37.0,29.3,2.5,,2.5,7.9,1013.3
2021-08-23,34.1,36.6,34.0,0.0,73.2,5.0,19.3,1013.5
2021-08-24,33.0,35.6,30.0,0.0,78.3,3.4,17.4,1013.2
2021-08-25,34.1,36.2,31.2,0.0,68.2,3.2,21.4,1013.8
2021-08-26,33.4,36.4,30.8,0.3,67.0,3.0,10.7,1013.2
2021-08-27,31.9,34.1,27.2,21.6,82.3,3.0,7.7,1013.4
2021-08-28,32.2,35.7,30.1,0.0,73.9,3.1,22.5,1013.5
2021-08-29,31.7,32.9,27.9,0.9,70.3,5.3,8.4,1013.4
2021-08-30,32.5,35.1,29.1,0.0,79.8,4.2,24.8,1012.8
2021-08-31,31.8,35.1,27.6,0.0,70.4,4.1,19.8,1013.3
2021-09-01,31.6,34.8,29.2,0.0,72.1,4.7,16.1,1013.6
2021-09-02,30.3,36.0,28.1,2.5,73.1,3.2,8.2,1013.2
2021-09-03,30.6,34.0,26.5,0.0,66.8,4.0,20.7,1013.6
2021-09-04,29.3,31.3,25.9,0.0,73.2,3.6,18.4,1013.7
2021-09-05,29.1,32.0,27.7,0.0,81.3,4.8,,1013.0
2021-09-06,30.6,31.9,28.2,6.9,77.9,3.4,12.1,1012.7
2021-09-07,31.5,34.5,28.2,20.8,79.8,,8.6,1013.3
2021-09-08,31.8,34.0,28.0,1.3,73.1,5.6,9.7,1013.4
2021-09-09,30.9,34.8,28.6,0.0,75.9,,23.3,1013.1
2021-09-10,31.0,33.5,30.9,0.0,78.6,3.2,19.8,1012.8
2021-09-11,31.1,33.9,27.5,17.3,83.2,4.0,7.0,1012.6
2021-09-12,30.2,32.6,28.4,,72.6,3.7,20.3,1012.5
2021-09-13,31.6,36.3,30.6,8.0,79.2,4.6,7.6,1012.2
2021-09-14,31.9,34.6,31.8,0.0,77.9,-999.0,22.8,1011.6
2021-09-15,31.3,36.2,27.5,0.0,69.2,4.1,16.0,1012.4
2021-09-16,31.1,34.9,28.0,1.6,76.9,4.1,13.6,1012.9
2021-09-17,31.0,34.5,28.3,11.6,66.2,4.7,11.3,
2021-09-18,29.4,32.7,25.0,3.3,79.7,3.6,7.9,1012.6
2021-09-19,29.6,33.0,26.0,0.0,80.0,3.8,18.1,1012.3
2021-09-20,-999.0,30.5,24.8,0.0,80.7,6.6,20.2,1012.3
2021-09-21,29.0,31.7,27.4,0.0,74.1,4.9,20.2,1012.3
2021-09-22,29.2,33.1,26.3,5.0,80.0,3.6,9.5,1012.2
2021-09-23,30.9,33.8,29.5,0.0,85.3,3.9,21.4,1013.3
2021-09-24,30.9,32.5,28.2,42.6,98.2,5.1,8.6,1013.1
2021-09-25,30.1,33.0,27.3,0.0,77.0,5.5,16.3,1012.8
2021-09-26,30.4,35.1,26.7,7.6,80.4,6.0,8.1,1012.5
2021-09-27,31.1,35.3,,0.0,84.1,4.3,19.8,1013.1
2021-09-28,31.1,34.1,27.5,0.0,68.6,7.1,18.2,1012.4
2021-09-29,30.5,34.4,26.8,0.0,75.8,4.9,17.9,1012.1
2021-09-30,29.6,32.2,24.4,0.0,85.9,5.4,19.3,
2021-10-01,29.9,31.2,27.2,6.3,85.8,5.1,5.3,1013.1
2021-10-02,29.9,32.0,27.8,11.7,83.9,4.2,8.8,1013.2
2021-10-03,30.2,34.8,26.9,0.0,69.3,8.1,17.3,1014.2
2021-10-04,30.1,32.9,27.9,1.9,78.7,4.3,10.8,1014.2
2021-10-05,,33.1,25.9,5.6,76.7,4.5,5.9,1013.7
2021-10-06,29.3,32.0,26.6,,80.7,6.2,21.0,1013.5
2021-10-07,30.0,34.9,27.6,0.0,74.0,5.4,16.4,1013.0
2021-10-08,29.5,34.2,27.0,5.8,74.5,6.5,8.8,1013.6
2021-10-09,30.6,35.8,26.9,0.1,66.7,5.2,10.5,1013.8
2021-10-10,29.2,32.0,26.3,2.5,87.2,5.0,8.8,1014.2
2021-10-11,30.0,33.3,27.7,5.8,78.5,7.5,8.5,1014.6
2021-10-12,29.4,30.9,24.7,0.0,80.2,4.5,16.5,1014.2
2021-10-13,28.4,32.9,26.2,0.0,79.4,6.8,14.2,1013.6
2021-10-14,27.8,29.7,24.8,0.0,73.1,4.9,15.5,1013.6
2021-10-15,27.6,30.8,23.9,4.3,73.3,6.9,6.7,1013.1
2021-10-16,27.9,29.8,26.6,0.0,73.6,4.8,15.2,1013.2
2021-10-17,28.2,30.6,24.7,0.0,75.3,5.7,8.3,1013.7
2021-10-18,27.5,29.6,25.5,1.8,82.5,,8.2,1013.6
2021-10-19,27.4,29.8,23.6,0.0,75.0,5.5,14.7,1013.6
2021-10-20,28.9,31.4,26.9,,90.3,6.5,14.0,1013.5
2021-10-21,29.5,31.9,25.8,0.0,86.0,6.8,15.6,1013.8
2021-10-22,28.8,32.7,24.7,0.0,84.7,6.5,10.5,1013.4
2021-10-23,28.1,30.0,24.2,10.7,82.4,8.0,10.3,1012.4
2021-10-24,27.7,30.9,24.4,7.9,91.4,5.7,7.2,
2021-10-25,27.8,32.0,25.0,0.0,78.7,5.2,14.1,1013.3
2021-10-26,26.6,29.1,24.2,6.1,81.6,5.1,5.8,1013.5
2021-10-27,26.4,28.7,21.9,1.0,81.3,5.4,7.2,1013.2
2021-10-28,,28.0,22.9,0.0,84.2,5.3,18.5,
2021-10-29,26.0,30.1,24.0,0.0,83.8,6.1,17.3,1013.0
2021-10-30,26.6,29.7,22.9,0.0,77.1,5.5,16.7,1013.1
2021-10-31,26.1,28.5,23.8,0.0,,5.3,15.7,1013.0
2021-11-01,27.2,30.7,25.1,0.0,83.8,5.3,12.9,
2021-11-02,25.8,27.7,24.3,0.0,84.2,7.5,9.6,1013.4
2021-11-03,24.8,28.5,22.3,4.9,79.0,6.4,6.6,
2021-11-04,25.3,28.8,22.4,3.6,71.4,5.9,6.5,1014.0
2021-11-05,26.2,28.9,23.0,3.5,79.6,8.1,8.4,1013.1
2021-11-06,27.2,29.4,23.2,8.1,86.0,5.5,7.3,1013.0
2021-11-07,26.2,28.3,22.7,11.1,93.9,10.2,9.2,1013.5
2021-11-08,26.6,30.2,23.8,9.1,75.2,6.7,8.5,1013.3
2021-11-09,26.1,30.3,23.3,0.0,77.1,5.8,12.0,1012.6
2021-11-10,25.6,28.0,22.1,0.0,77.2,7.0,8.0,1012.6
2021-11-11,26.1,29.5,21.8,12.5,91.4,7.4,8.7,1012.3
2021-11-12,26.1,27.0,23.0,0.0,79.2,6.3,17.3,1012.7
2021-11-13,24.5,26.9,22.0,0.0,73.9,8.1,9.1,1013.1
2021-11-14,25.7,28.7,23.7,11.8,86.1,5.9,8.8,1012.7
2021-11-15,26.3,28.4,24.8,0.0,76.7,6.1,14.2,1012.4
2021-11-16,25.2,27.3,21.6,0.0,71.7,5.9,13.5,1012.9
2021-11-17,25.3,27.6,21.7,18.1,79.0,6.1,8.9,1012.6
2021-11-18,25.3,28.6,21.7,0.0,89.3,6.2,16.9,1012.2
2021-11-19,25.1,28.0,22.3,43.3,,8.9,7.4,1011.8
2021-11-20,24.4,25.2,20.0,0.0,79.3,6.0,14.2,1012.2
2021-11-21,23.9,24.8,21.4,0.1,77.1,6.6,7.3,
2021-11-22,24.0,26.4,20.0,,80.1,6.9,11.5,1012.3
2021-11-23,24.9,28.3,21.9,0.0,79.9,8.7,12.5,1012.4
2021-11-24,24.9,25.2,22.5,0.0,79.9,13.3,9.9,1013.2
2021-11-25,24.3,26.8,20.7,13.3,82.7,7.7,5.8,1012.8
2021-11-26,24.7,27.1,21.3,0.0,83.1,10.3,11.4,1012.0
2021-11-27,22.3,26.7,18.9,0.0,77.8,7.9,10.5,1012.4
2021-11-28,23.7,26.3,20.6,0.0,71.7,10.1,12.8,
2021-11-29,22.4,,19.5,0.0,73.7,7.6,11.4,1012.3
2021-11-30,22.6,25.8,17.2,0.0,,6.3,13.9,1012.7
2021-12-01,22.2,23.0,18.0,,89.2,6.8,7.4,1013.2
2021-12-02,21.8,25.5,18.0,0.0,82.1,7.4,11.9,1012.2
2021-12-03,23.2,26.5,20.1,0.0,71.7,6.7,12.6,1012.1
2021-12-04,22.9,26.4,18.9,0.0,74.8,6.6,11.3,1013.3
2021-12-05,,30.2,19.8,0.0,72.5,7.3,11.7,1013.5
2021-12-06,23.2,24.1,20.2,8.3,87.9,9.5,3.7,1013.8
2021-12-07,23.5,28.3,20.8,0.0,67.4,6.3,13.2,1014.2
2021-12-08,23.4,26.1,20.5,0.0,76.4,8.1,14.1,1014.1
2021-12-09,22.3,25.6,22.2,6.8,76.9,7.9,6.8,1014.3
2021-12-10,23.3,26.2,20.1,0.0,80.3,10.3,15.2,1014.5
2021-12-11,22.8,25.4,20.3,0.0,74.5,9.6,12.7,1014.5
2021-12-12,21.7,24.1,17.1,0.7,64.6,8.1,6.7,1014.2
2021-12-13,21.8,,18.8,0.0,73.2,7.3,12.5,1014.1
2021-12-14,23.3,24.8,21.5,3.2,69.6,6.7,7.0,1013.7
2021-12-15,23.7,27.4,20.7,1.3,75.1,7.4,3.6,1013.7
2021-12-16,23.0,25.6,21.0,0.0,82.6,8.2,9.3,1013.1
2021-12-17,22.6,24.5,19.1,5.9,65.1,9.1,8.4,
2021-12-18,22.3,24.9,19.1,21.7,75.3,8.3,2.3,1012.7
2021-12-19,23.9,28.2,19.9,0.0,70.0,6.7,11.6,1012.4
2021-12-20,23.6,26.1,21.4,0.0,70.8,7.6,15.5,1012.3
2021-12-21,23.4,26.8,20.4,0.0,77.3,6.9,,1012.3
2021-12-22,23.8,26.0,22.1,0.0,71.5,6.5,10.8,1012.7
2021-12-23,23.4,27.1,19.7,1.8,75.4,6.7,6.2,1013.2
2021-12-24,22.8,26.5,19.2,19.3,74.1,6.6,5.5,1013.0
2021-12-25,22.4,27.3,18.9,0.0,73.2,8.7,12.1,1013.6
2021-12-26,22.3,25.1,19.3,0.0,76.2,6.8,10.0,1014.0
2021-12-27,22.3,25.9,18.8,5.8,,6.9,7.7,1014.1
2021-12-28,22.8,25.9,18.2,0.0,75.7,10.4,16.3,1014.0
2021-12-29,22.6,26.9,19.8,1.9,71.6,7.1,5.8,1014.1
2021-12-30,22.9,25.2,19.8,0.0,76.8,6.5,7.9,1014.5
2021-12-31,22.5,26.3,20.6,0.7,69.2,6.9,5.3,1014.8
2022-01-01,22.4,25.2,,0.5,72.4,6.7,5.8,1015.2
2022-01-02,20.9,23.8,17.8,3.7,70.5,6.6,6.8,1014.9
2022-01-03,22.0,25.1,17.9,0.0,68.8,6.6,9.2,1014.9
2022-01-04,22.3,25.5,19.5,0.0,70.6,7.6,9.9,1015.3
2022-01-05,22.9,25.8,20.1,0.0,72.0,6.7,13.8,1014.7
2022-01-06,20.5,23.7,17.9,0.0,61.0,7.0,15.1,1014.3
2022-01-07,22.6,27.2,20.1,0.0,76.8,8.9,10.4,1014.2
2022-01-08,22.3,26.2,19.0,22.0,63.4,7.1,4.2,1014.4
2022-01-09,23.0,26.8,21.5,0.0,,9.4,,1014.7
2022-01-10,21.8,24.4,17.5,0.0,66.8,7.3,14.7,1014.4
2022-01-11,22.3,24.4,20.0,0.0,69.5,7.1,11.6,1013.5
2022-01-12,21.4,25.4,17.7,13.0,80.1,8.1,7.5,1013.6
2022-01-13,21.2,25.1,19.5,0.0,55.3,6.5,12.1,1013.1
2022-01-14,22.9,27.4,19.2,2.8,63.9,6.5,7.6,1012.5
2022-01-15,22.4,24.8,18.7,0.0,53.1,7.7,13.1,1012.0
2022-01-16,22.4,25.2,19.0,0.7,65.9,7.2,6.5,1012.4
2022-01-17,22.9,24.2,20.9,0.0,66.9,8.3,12.4,1013.1
2022-01-18,22.9,25.5,19.6,0.0,74.5,9.4,8.4,1013.1
2022-01-19,22.7,26.7,20.8,0.0,65.3,7.0,18.6,1013.3
2022-01-20,22.7,25.2,,0.0,70.6,7.4,10.0,1013.8
2022-01-21,24.2,27.8,20.1,0.0,67.5,7.2,8.8,1013.0
2022-01-22,23.3,26.1,19.5,0.0,61.1,11.1,12.3,1013.3
2022-01-23,23.0,26.3,19.9,0.0,54.9,8.4,10.1,1013.3
2022-01-24,23.4,25.2,21.4,0.0,64.7,9.2,12.9,1013.5
2022-01-25,23.7,26.8,20.0,0.0,53.8,6.6,,1013.3
2022-01-26,23.9,23.9,20.9,0.0,70.2,8.0,16.2,1012.9
2022-01-27,23.7,26.5,23.0,0.0,61.2,6.6,15.7,1013.0
2022-01-28,22.3,23.6,18.5,0.0,69.0,6.5,12.4,1013.8
2022-01-29,23.4,27.6,20.5,0.0,58.7,9.7,13.5,1014.1
2022-01-30,22.1,25.9,17.9,0.0,62.8,6.2,14.7,1013.7
2022-01-31,22.4,25.9,20.5,0.0,62.2,10.2,8.2,1013.1
2022-02-01,21.9,26.4,21.7,0.0,60.3,6.3,7.6,1012.3
2022-02-02,22.0,24.1,18.7,0.0,57.7,8.2,9.3,1013.1
2022-02-03,22.4,27.2,19.1,0.2,62.4,6.5,9.9,1012.7
2022-02-04,22.7,26.6,21.3,0.0,54.1,6.6,12.6,1012.6
2022-02-05,22.9,25.7,20.9,0.0,52.1,6.3,13.3,1013.3
2022-02-06,23.9,28.0,18.2,0.0,66.5,7.1,11.6,1012.6
2022-02-07,23.7,25.6,21.0,0.0,63.1,6.5,12.1,1013.3
2022-02-08,23.1,25.3,19.4,4.8,60.3,7.2,10.5,1013.2
2022-02-09,23.6,26.0,21.3,0.0,68.1,5.9,17.0,1012.7
2022-02-10,24.1,26.6,23.2,0.0,56.2,6.0,9.6,1012.7
2022-02-11,,24.6,19.9,0.0,65.5,6.0,18.9,1012.4
2022-02-12,23.2,27.4,20.4,0.0,58.3,6.5,18.0,1012.8
2022-02-13,23.6,26.3,21.0,0.0,50.8,7.8,13.7,1012.5
2022-02-14,23.1,26.4,20.2,0.0,67.7,8.4,15.5,1011.8
2022-02-15,24.0,26.5,20.8,0.0,62.3,6.1,14.6,1011.9
2022-02-16,23.5,,20.7,7.4,57.6,6.8,10.3,1011.5
2022-02-17,23.4,26.7,21.7,0.0,60.1,7.4,12.5,1011.9
2022-02-18,23.2,24.3,19.7,0.0,53.1,6.1,15.4,1011.5
2022-02-19,23.2,26.2,22.2,0.0,,6.3,13.8,1011.6
2022-02-20,22.5,24.1,21.5,0.0,40.6,6.5,10.8,
2022-02-21,21.8,26.8,18.0,0.0,48.5,5.7,21.8,1012.0
2022-02-22,23.6,27.5,20.1,0.0,60.2,5.6,11.8,1012.3
2022-02-23,22.9,26.0,20.0,17.9,57.9,5.7,8.0,1012.8
2022-02-24,22.5,26.7,20.9,0.0,55.0,6.6,10.3,1012.3
2022-02-25,21.4,23.5,,0.0,45.4,5.5,14.4,
2022-02-26,21.8,25.4,19.1,0.0,64.3,5.6,17.0,
2022-02-27,21.7,24.9,20.3,0.0,60.1,5.8,13.3,
2022-02-28,23.7,27.0,21.5,0.0,51.5,5.4,17.6,
2022-03-01,24.5,28.8,20.9,0.0,50.0,5.5,15.2,
2022-03-02,23.8,27.5,19.4,0.0,58.4,8.2,19.6,
2022-03-03,25.5,28.8,23.0,0.0,63.8,5.2,20.3,1012.6
2022-03-04,25.7,27.0,21.9,0.0,57.4,6.4,14.5,1012.5
2022-03-05,24.9,,23.8,0.0,64.5,5.7,16.6,
2022-03-06,22.8,25.7,19.2,0.0,45.6,6.4,17.0,1012.4
2022-03-07,25.1,28.2,22.9,0.0,46.0,6.1,18.4,1011.9
2022-03-08,23.9,25.7,20.5,0.0,43.5,5.3,16.7,1011.8
2022-03-09,23.0,28.4,20.2,0.0,53.1,7.2,17.3,1012.6
2022-03-10,24.4,28.9,20.0,0.0,51.3,5.7,16.1,1012.7
2022-03-11,26.3,29.9,24.1,0.0,49.1,7.0,17.3,1011.9
2022-03-12,26.7,29.8,23.1,0.0,54.6,5.5,21.0,1011.3
2022-03-13,26.4,29.2,23.7,0.0,56.9,9.8,19.1,1011.7
2022-03-14,26.2,28.3,23.4,,40.1,6.5,19.4,1012.3
2022-03-15,26.4,29.5,23.6,0.0,45.5,8.8,19.6,1011.7
2022-03-16,26.5,29.7,24.3,,53.8,5.6,17.0,1012.2
2022-03-17,26.2,27.9,23.2,8.9,48.5,5.4,9.3,1012.9
2022-03-18,25.9,29.3,23.0,0.0,,6.3,14.4,1013.8
2022-03-19,25.7,28.5,22.4,0.0,54.4,7.1,21.6,1013.9
2022-03-20,25.1,26.2,22.0,0.0,40.3,8.5,9.5,1014.0
2022-03-21,25.1,27.2,21.3,0.0,46.0,5.0,17.7,1012.9
2022-03-22,24.1,26.7,20.2,0.0,49.6,6.4,21.5,1013.9
2022-03-23,24.7,29.6,22.8,0.0,44.0,4.7,,1013.6
2022-03-24,,28.1,20.6,0.0,52.0,5.3,19.5,1013.1
2022-03-25,24.3,26.0,22.5,0.0,43.7,4.5,16.4,1013.0
2022-03-26,25.2,28.7,21.6,0.0,55.4,4.8,17.4,1013.7
2022-03-27,26.6,28.0,23.0,6.8,48.1,7.4,10.7,1014.6
2022-03-28,27.1,31.2,26.1,0.0,,4.4,19.3,1014.5
2022-03-29,,28.3,22.6,0.0,50.9,5.3,12.7,1014.8
2022-03-30,25.3,28.2,22.8,,42.5,5.2,16.0,1014.6
2022-03-31,26.5,30.8,24.3,0.0,33.8,4.2,22.0,1013.9
2022-04-01,25.9,27.6,21.5,0.0,48.2,4.5,20.5,1014.5
2022-04-02,26.1,27.7,23.8,0.0,46.3,5.0,24.5,1014.0
2022-04-03,26.8,29.2,24.6,0.0,49.1,4.2,24.4,1014.6
2022-04-04,26.2,30.2,23.1,0.0,44.2,5.8,18.4,1015.0
2022-04-05,26.6,28.1,23.0,0.0,42.9,8.1,27.0,1015.0
2022-04-06,25.9,26.1,23.1,29.9,66.4,4.1,9.9,
2022-04-07,26.1,28.6,21.9,0.0,36.4,4.0,16.8,1016.2
2022-04-08,26.8,30.4,23.3,0.0,49.5,4.4,17.9,1015.7
2022-04-09,26.0,30.2,25.1,0.0,41.6,5.3,13.2,1015.0
2022-04-10,27.0,29.5,24.5,0.0,42.9,4.0,24.8,1013.9
2022-04-11,27.3,29.8,24.8,0.0,42.9,3.6,24.9,1014.8
2022-04-12,27.9,32.0,24.4,0.0,39.9,4.5,17.2,1014.4
2022-04-13,28.1,29.2,27.7,0.0,48.1,7.3,19.6,1014.7
2022-04-14,29.0,31.7,23.5,0.0,52.9,4.1,,1014.1
2022-04-15,28.8,32.0,25.2,0.0,47.3,4.1,17.6,1014.7
2022-04-16,28.3,31.7,25.1,0.0,,7.5,15.3,1014.2
2022-04-17,28.4,30.9,24.2,0.0,38.4,4.8,20.1,1013.5
2022-04-18,28.8,,23.5,0.0,47.4,4.8,19.8,1013.4
2022-04-19,28.7,,24.9,0.0,57.2,4.2,19.7,1013.1
2022-04-20,28.7,31.1,24.8,0.0,41.9,7.6,21.6,1013.4
2022-04-21,28.3,31.7,25.1,0.0,41.9,4.6,25.3,1013.4
2022-04-22,28.0,30.0,25.2,0.0,40.8,5.8,20.2,1013.6
2022-04-23,27.4,30.5,24.9,0.0,41.2,4.5,21.7,1013.4
2022-04-24,29.3,32.8,27.2,0.0,27.6,4.6,23.5,1013.1
2022-04-25,28.4,31.0,26.1,0.0,46.5,3.4,23.1,1012.9
2022-04-26,28.2,,26.6,0.0,38.9,3.4,19.6,1013.8
2022-04-27,,30.2,25.3,,34.3,4.8,21.9,1013.9
2022-04-28,29.3,32.1,28.0,0.0,48.5,3.3,23.3,1012.9
2022-04-29,29.2,32.8,26.0,0.0,37.5,3.8,18.3,1012.7
2022-04-30,30.3,33.5,27.3,0.0,42.0,3.2,25.6,1012.8
2022-05-01,29.6,32.0,26.5,0.0,52.8,4.8,26.2,1013.7
2022-05-02,29.9,33.1,,0.0,35.6,2.9,19.8,
2022-05-03,29.3,33.1,23.3,0.0,34.9,4.8,22.6,1013.6
2022-05-04,31.2,32.1,26.8,0.0,45.7,3.8,24.0,1014.6
2022-05-05,29.9,34.1,28.2,0.0,51.0,2.9,20.6,1014.4
2022-05-06,30.3,32.9,27.0,0.0,34.7,3.5,23.7,1014.8
2022-05-07,30.8,34.2,28.4,0.0,46.6,3.0,22.8,1014.0
2022-05-08,30.9,35.1,29.0,0.0,47.7,3.0,18.0,
2022-05-09,30.7,32.3,29.0,5.2,33.5,3.0,11.9,1012.3
2022-05-10,30.6,32.8,27.1,0.0,49.1,2.5,19.2,1010.9
2022-05-11,30.7,33.4,28.3,0.3,49.7,7.5,12.7,1012.2
2022-05-12,30.6,32.8,26.7,0.0,42.6,2.4,20.7,1012.5
2022-05-13,31.4,36.2,27.4,0.0,52.1,3.7,22.3,1012.2
2022-05-14,32.9,35.0,28.5,0.0,51.4,2.9,26.9,1012.6
2022-05-15,31.8,34.2,29.6,0.0,45.3,3.5,24.4,1012.7
2022-05-16,30.5,33.7,27.1,0.0,42.1,2.8,19.7,1013.1
2022-05-17,30.8,32.6,27.1,0.0,39.0,3.6,19.9,1013.7
2022-05-18,32.9,35.5,30.3,0.0,44.8,3.8,21.2,1013.5
2022-05-19,31.7,,29.5,0.0,48.5,3.6,24.3,1013.0
2022-05-20,32.8,35.5,28.2,0.0,43.2,2.3,24.2,1013.4
2022-05-21,33.5,36.5,30.3,0.0,32.1,3.4,20.7,1013.8
2022-05-22,32.4,34.9,28.8,0.0,53.0,,19.8,1013.7
2022-05-23,32.6,,30.4,0.0,46.7,2.1,24.1,1014.6
2022-05-24,33.5,36.8,31.7,0.0,43.4,2.7,22.8,1014.2
2022-05-25,32.6,37.3,30.1,0.0,50.9,2.7,29.9,1013.7
2022-05-26,32.2,35.2,29.3,0.0,55.1,2.7,23.6,1013.8
2022-05-27,31.7,35.0,29.8,0.0,29.3,3.4,28.9,1013.4
2022-05-28,31.2,34.9,28.2,,48.8,2.4,20.0,1013.6
2022-05-29,31.1,32.9,29.8,,37.8,2.4,18.8,1013.2
2022-05-30,30.7,35.4,28.8,1.3,49.9,2.0,10.1,1013.0
2022-05-31,,,27.7,0.0,47.5,3.3,27.2,1013.9
2022-06-01,31.3,35.9,27.7,0.0,50.7,2.8,28.9,1013.6
2022-06-02,31.9,34.2,29.3,0.0,44.0,2.3,21.4,1013.2
2022-06-03,31.1,35.9,29.1,0.0,36.0,3.3,22.4,1013.7
2022-06-04,31.9,35.7,30.0,0.0,44.7,2.7,20.3,1013.2
2022-06-05,32.9,36.4,30.2,0.0,50.0,2.5,18.4,-999.0
2022-06-06,31.4,34.6,27.7,0.0,53.9,2.6,26.0,1013.2
2022-06-07,32.2,35.0,28.3,18.0,46.3,2.9,12.3,1013.6
2022-06-08,33.4,37.6,30.9,0.0,54.3,3.0,23.9,1014.1
2022-06-09,32.3,35.5,30.5,0.0,44.5,2.1,19.7,1013.7
2022-06-10,33.8,34.9,30.6,0.0,50.7,1.9,28.8,
2022-06-11,33.8,35.7,31.6,0.0,45.7,1.9,22.4,1013.6
2022-06-12,33.0,35.9,30.6,6.6,52.1,2.9,12.8,1013.2
2022-06-13,33.1,36.4,28.7,0.0,54.5,4.1,19.6,1013.8
2022-06-14,33.5,36.5,29.7,0.0,42.0,2.2,23.4,1013.5
2022-06-15,33.5,37.7,30.3,0.0,45.6,,24.8,1013.6
2022-06-16,33.8,34.9,32.1,0.0,51.0,3.3,25.0,1013.6
2022-06-17,33.0,36.1,29.8,0.0,64.5,3.7,24.5,1013.0
2022-06-18,33.3,34.5,29.2,0.0,45.1,4.1,25.5,1013.5
2022-06-19,,36.1,29.7,0.0,62.8,2.7,20.6,1013.7
2022-06-20,32.7,,28.4,0.0,62.8,3.9,24.6,1012.8
2022-06-21,32.4,,28.1,0.0,50.5,1.6,24.3,1013.0
2022-06-22,32.3,,27.7,,52.9,1.7,12.3,1012.7
2022-06-23,33.7,,30.4,0.0,47.4,1.6,,1013.2
2022-06-24,34.5,,30.9,0.0,51.4,3.0,20.2,1012.6
2022-06-25,34.6,,30.2,0.0,43.6,1.6,20.0,1012.5
2022-06-26,33.5,,30.0,0.0,51.9,2.3,17.3,1012.8
2022-06-27,33.4,,30.9,4.2,62.8,2.3,13.2,1012.9
2022-06-28,34.4,,31.9,0.0,49.2,2.0,26.4,1013.3
2022-06-29,34.3,,31.0,0.0,51.7,4.0,26.5,1012.6
2022-06-30,35.8,,34.1,0.0,43.2,1.7,24.8,1013.4
2022-07-01,35.3,39.4,32.4,0.0,55.9,2.0,17.5,1013.6
2022-07-02,34.9,37.1,30.8,0.0,55.5,3.3,20.8,1014.2
2022-07-03,34.3,,33.4,0.0,54.6,1.5,24.4,1014.5
2022-07-04,34.2,35.9,29.7,2.4,53.9,2.8,12.1,1014.3
2022-07-05,34.0,37.6,29.9,0.0,53.0,3.5,23.1,1013.5
2022-07-06,34.5,37.9,31.9,0.0,58.1,4.7,24.9,1013.2
2022-07-07,35.0,36.1,31.4,0.0,55.2,4.0,23.8,1014.0
2022-07-08,34.0,35.8,31.0,0.0,57.5,2.0,24.1,1014.5
2022-07-09,33.0,35.8,28.8,8.5,,2.6,10.9,1014.0
2022-07-10,32.1,34.8,28.1,0.0,63.0,1.6,26.6,1012.6
2022-07-11,33.2,35.0,31.6,0.0,60.6,1.9,22.3,1012.6
2022-07-12,,36.1,29.2,5.6,59.6,1.7,9.8,1012.6
2022-07-13,31.7,34.9,28.9,0.0,66.2,2.0,21.2,1012.6
2022-07-14,32.9,35.7,29.8,0.0,59.9,4.1,22.5,1012.9
2022-07-15,35.1,37.4,,0.0,65.5,2.1,26.4,1013.4
2022-07-16,34.7,38.7,29.9,8.1,64.1,2.6,11.6,1013.8
2022-07-17,35.0,39.7,31.0,0.0,47.3,2.3,22.8,1013.9
2022-07-18,34.7,37.2,32.4,0.0,66.4,2.3,19.6,1013.0
2022-07-19,34.3,36.7,32.6,0.0,59.7,5.8,25.6,1012.9
2022-07-20,34.8,38.3,32.2,0.0,58.9,2.0,,1014.0
2022-07-21,34.3,36.9,30.8,0.0,61.2,2.8,22.9,1014.0
2022-07-22,34.3,37.2,31.1,0.5,,2.3,13.8,1014.1
2022-07-23,34.4,38.1,30.2,0.0,,1.7,,1014.1
2022-07-24,33.7,34.8,29.9,0.0,56.9,2.5,18.1,1014.2
2022-07-25,34.5,38.8,30.5,0.0,68.4,3.7,17.6,1013.0
2022-07-26,34.1,37.2,30.8,8.5,62.9,1.8,11.4,1012.9
2022-07-27,33.5,36.1,31.9,0.0,59.1,1.8,19.2,1012.9
2022-07-28,34.0,36.9,31.2,0.0,56.1,2.0,24.7,1013.6
2022-07-29,33.3,36.2,29.2,0.0,63.6,3.5,22.8,1013.5
2022-07-30,33.5,34.8,30.5,10.1,66.5,3.3,11.6,1012.8
2022-07-31,33.6,38.1,30.1,4.3,66.2,2.8,10.2,1013.0
2022-08-01,34.4,37.5,31.7,0.0,56.8,2.6,27.7,1012.7
2022-08-02,34.5,37.9,32.5,2.1,54.2,4.5,15.5,1012.2
2022-08-03,34.1,38.1,31.2,0.0,67.3,3.6,21.5,1012.0
2022-08-04,34.5,36.5,31.2,1.4,73.2,3.9,11.7,1012.4
2022-08-05,35.1,38.6,32.8,0.0,58.0,,22.5,1013.1
2022-08-06,34.9,37.6,32.1,0.0,74.0,3.2,21.4,1013.4
2022-08-07,34.3,38.2,32.3,0.0,66.5,2.7,,1013.6
2022-08-08,33.0,33.9,28.9,0.0,65.0,4.4,18.8,1013.8
2022-08-09,32.4,35.3,29.7,0.0,63.0,5.2,18.5,1013.8
2022-08-10,32.6,35.0,28.1,10.2,60.4,2.1,11.5,1014.0
2022-08-11,32.4,35.9,27.9,2.2,72.6,2.1,10.1,1012.8
2022-08-12,32.6,36.1,29.7,0.0,61.6,5.9,14.0,1012.9
2022-08-13,32.9,35.2,30.9,0.0,61.9,2.5,22.9,1012.5
2022-08-14,33.4,35.7,32.5,0.0,72.8,4.6,21.4,1013.1
2022-08-15,33.2,36.1,31.7,0.0,55.9,2.8,25.5,1013.1
2022-08-16,33.5,35.6,31.9,0.0,58.3,2.4,22.5,1013.1
2022-08-17,33.3,37.2,29.0,0.0,67.7,2.4,16.8,1012.5
2022-08-18,31.8,34.4,28.6,2.0,70.4,2.5,7.2,1013.0
2022-08-19,31.5,31.6,28.1,2.4,72.0,2.7,9.5,1013.4
2022-08-20,31.9,34.6,31.2,0.0,66.8,3.2,19.1,1013.6
2022-08-21,31.4,33.4,29.6,0.0,84.1,3.8,,1013.2
2022-08-22,32.3,33.7,28.5,1.5,68.3,7.6,10.4,1012.8
2022-08-23,33.6,35.3,30.3,0.0,68.1,3.2,24.1,1013.0
2022-08-24,34.0,37.1,31.2,0.0,65.0,3.4,16.7,1012.7
2022-08-25,33.3,37.6,29.7,0.0,70.8,3.4,23.4,
2022-08-26,34.0,37.3,29.4,5.4,75.7,3.5,11.3,1012.1
2022-08-27,33.4,35.8,30.7,0.8,78.1,,7.2,1012.0
2022-08-28,32.7,36.2,29.7,0.0,62.0,2.6,24.2,1013.0
2022-08-29,32.1,34.6,28.9,0.0,69.7,2.7,20.5,1013.2
2022-08-30,31.9,34.2,26.5,0.0,74.1,2.8,21.2,1013.3
2022-08-31,31.7,33.5,30.8,0.8,75.4,2.9,8.7,1014.2
2022-09-01,31.9,33.2,28.2,11.2,75.4,4.2,11.9,1013.0
2022-09-02,32.0,34.6,29.1,0.0,75.5,3.1,,
2022-09-03,31.9,35.1,28.4,0.0,67.6,5.6,22.2,1012.6
2022-09-04,32.2,35.1,29.8,0.0,82.1,6.1,22.0,1013.1
2022-09-05,32.8,35.4,29.9,0.0,78.9,7.4,16.6,1013.5
2022-09-06,33.0,35.1,29.3,0.6,65.3,6.3,12.7,1013.1
2022-09-07,31.3,34.9,25.2,0.0,67.0,3.4,20.0,1013.5
2022-09-08,29.5,31.2,25.7,0.0,67.4,3.9,21.1,1013.3
2022-09-09,30.9,34.7,28.8,15.0,82.5,3.3,7.2,1013.9
2022-09-10,30.1,32.1,27.5,0.0,66.4,5.1,25.3,
2022-09-11,30.3,32.6,27.8,9.2,75.1,5.8,7.6,1013.2
2022-09-12,29.8,31.3,28.6,40.3,89.4,5.5,10.9,1013.0
2022-09-13,29.0,31.5,26.3,2.1,75.0,3.9,7.8,1013.5
2022-09-14,30.1,34.1,26.4,7.8,78.9,5.0,8.4,1013.2
2022-09-15,30.9,,29.2,4.9,70.3,3.5,10.4,1013.2
2022-09-16,30.4,34.4,26.4,0.3,79.1,3.4,10.7,1013.5
2022-09-17,28.6,32.1,25.1,0.0,72.0,5.1,14.4,1013.7
2022-09-18,29.0,30.9,,0.0,73.9,4.1,21.4,1014.0
2022-09-19,29.8,32.5,27.0,8.4,80.0,10.0,,
2022-09-20,29.0,31.2,24.4,6.7,78.9,3.7,7.6,1013.7
2022-09-21,29.6,33.9,25.9,0.0,76.6,5.9,22.6,1013.5
2022-09-22,29.8,31.6,26.8,0.3,72.2,4.4,6.7,1013.4
2022-09-23,30.3,34.2,27.5,5.1,76.5,5.8,7.9,1013.5
2022-09-24,30.2,34.1,27.2,0.0,77.0,5.7,19.0,1013.4
2022-09-25,29.4,34.2,26.9,0.0,68.9,6.7,14.9,1013.4
2022-09-26,30.4,33.0,29.5,0.0,74.5,4.2,18.1,1012.7
2022-09-27,30.0,33.7,24.9,0.0,79.8,7.4,18.0,1013.1
2022-09-28,29.8,35.1,,12.3,73.6,4.1,8.3,1013.2
2022-09-29,29.0,31.3,25.6,0.0,84.7,4.0,19.5,1013.6
2022-09-30,28.8,30.3,25.9,15.6,90.2,4.6,,1013.6
2022-10-01,28.3,29.5,26.1,4.0,,6.1,8.8,1012.8
2022-10-02,28.5,,25.7,17.6,91.6,4.8,10.1,1012.7
2022-10-03,30.0,31.1,28.6,0.0,77.5,6.2,19.0,1012.7
2022-10-04,28.6,31.2,23.3,2.6,81.8,5.7,9.4,1013.1
2022-10-05,27.5,30.9,25.7,0.0,75.6,4.5,13.0,1012.2
2022-10-06,29.0,32.2,27.1,0.0,84.2,7.8,17.9,1012.4
2022-10-07,28.7,32.2,26.2,,81.2,4.3,13.6,1012.7
2022-10-08,28.2,31.4,23.9,0.0,,,12.3,1012.5
2022-10-09,29.0,33.3,26.0,0.0,72.0,4.8,15.8,1012.7
2022-10-10,28.3,30.3,26.5,0.0,70.4,5.2,13.2,1012.5
2022-10-11,29.6,31.9,25.3,14.4,84.6,5.1,9.1,1012.2
2022-10-12,29.5,31.7,25.7,0.0,82.7,4.7,18.2,1012.2
2022-10-13,28.5,,25.0,0.0,,5.1,9.9,1012.1
2022-10-14,29.8,33.7,26.1,0.0,78.8,4.8,13.1,1012.5
2022-10-15,28.6,32.0,,0.0,72.6,4.9,11.1,1012.3
2022-10-16,28.8,32.9,23.6,0.0,75.5,4.9,14.0,1012.0
2022-10-17,28.5,30.3,26.2,0.0,86.6,5.5,16.6,1013.0
2022-10-18,29.0,33.7,24.4,0.0,76.8,6.7,14.4,1013.5
2022-10-19,29.5,34.0,26.1,0.0,80.6,5.8,13.3,1012.6
2022-10-20,28.6,32.4,25.1,5.5,75.0,7.5,9.4,1012.4
2022-10-21,27.5,32.3,26.2,0.0,81.9,,8.0,1012.6
2022-10-22,27.7,29.0,24.8,0.0,77.1,6.3,18.5,1012.9
2022-10-23,26.9,29.4,24.7,0.0,86.2,6.3,13.1,1012.2
2022-10-24,28.3,30.6,24.5,0.0,84.6,5.7,14.4,1012.9
2022-10-25,27.8,31.5,23.7,2.2,77.7,6.4,6.5,1013.3
2022-10-26,27.1,29.0,26.2,0.0,79.2,5.1,19.1,
2022-10-27,27.0,30.8,24.0,0.0,76.7,7.4,10.7,1014.1
2022-10-28,25.8,30.2,21.7,0.0,71.5,6.9,,1014.2
2022-10-29,25.3,29.0,22.5,4.5,76.2,5.5,7.9,1014.2
2022-10-30,26.6,29.9,22.8,,81.2,7.0,9.3,1014.8
2022-10-31,25.9,28.0,22.6,0.0,81.9,5.3,11.3,1015.1
2022-11-01,25.2,27.4,21.9,9.1,83.6,5.6,6.8,1014.4
2022-11-02,25.9,30.2,23.2,5.1,79.7,5.4,5.6,1014.5
2022-11-03,26.8,30.5,25.0,3.9,86.7,7.2,5.7,1014.0
2022-11-04,26.9,29.8,25.0,0.0,80.3,7.1,12.7,1014.1
2022-11-05,27.1,29.7,23.4,8.2,86.5,7.4,7.8,1014.2
2022-11-06,26.0,26.9,22.9,5.5,70.8,5.5,6.3,1013.5
2022-11-07,24.8,26.7,21.9,0.0,56.2,6.3,16.8,1013.4
2022-11-08,26.1,31.0,23.5,16.6,86.4,7.0,5.2,1013.5
2022-11-09,25.5,27.3,22.9,1.5,71.5,5.8,4.8,1013.2
2022-11-10,25.2,28.4,21.2,0.0,78.3,6.9,19.1,1013.4
2022-11-11,26.1,30.2,23.5,,77.7,5.7,11.3,1013.7
2022-11-12,26.1,27.8,24.4,0.0,88.9,5.9,9.3,1013.6
2022-11-13,26.0,29.2,22.2,0.0,81.7,6.5,7.9,1013.7
2022-11-14,27.1,31.0,24.3,0.0,80.3,7.0,16.3,1014.2
2022-11-15,25.7,28.7,22.7,0.0,84.2,5.9,12.0,1014.3
2022-11-16,26.0,31.8,21.4,21.2,87.6,6.0,6.1,1014.2
2022-11-17,25.5,26.8,22.5,10.1,79.3,6.1,6.2,1013.7
2022-11-18,25.3,29.3,22.0,0.0,85.3,6.2,15.9,1013.9
2022-11-19,26.0,28.9,24.2,1.8,72.6,6.2,6.1,1014.0
2022-11-20,25.7,29.5,22.9,0.0,80.6,6.5,19.8,1014.4
2022-11-21,25.5,29.0,21.9,0.0,69.2,7.2,13.1,1014.3
2022-11-22,25.8,28.0,24.3,1.5,80.1,6.6,7.9,1013.3
2022-11-23,24.8,28.1,21.6,2.9,80.3,7.8,7.5,1012.5
2022-11-24,23.9,25.1,20.8,3.1,89.1,7.5,6.2,1013.0
2022-11-25,23.2,26.8,20.1,0.0,68.6,6.2,10.8,1012.8
2022-11-26,22.0,25.3,18.0,0.0,74.2,6.1,13.5,1013.0
2022-11-27,24.2,27.9,20.9,0.0,82.6,8.6,14.0,1013.1
2022-11-28,23.2,,18.8,1.5,80.0,6.2,5.3,1013.1
2022-11-29,23.2,26.6,21.2,0.0,78.5,6.3,12.9,1013.0
2022-11-30,23.2,26.3,20.0,0.0,71.5,6.2,16.1,
2022-12-01,23.5,25.7,20.5,29.8,82.5,7.4,9.3,1012.8
2022-12-02,24.1,26.4,22.2,0.0,84.3,7.2,14.8,1012.6
2022-12-03,24.4,28.6,20.5,0.0,76.4,11.4,17.8,1012.5
2022-12-04,23.6,28.0,18.2,6.8,80.8,8.9,5.2,1012.5
2022-12-05,23.3,26.1,20.3,0.0,75.6,6.9,14.3,1012.5
2022-12-06,23.5,26.5,20.0,12.3,72.7,6.8,8.1,1013.0
2022-12-07,23.2,25.2,20.1,0.0,81.6,6.7,9.5,1013.0
2022-12-08,24.3,28.4,22.0,3.0,79.7,6.5,5.3,1013.5
2022-12-09,24.1,27.8,22.9,0.0,89.4,6.5,,1014.1
2022-12-10,24.2,29.1,21.9,0.0,69.2,6.5,9.2,1014.4
2022-12-11,24.1,26.3,22.5,0.0,80.1,6.5,8.0,1014.5
2022-12-12,24.5,27.1,19.8,0.0,67.0,6.7,16.6,1014.4
2022-12-13,,27.2,21.0,0.0,75.6,6.8,15.6,1014.6
2022-12-14,22.5,26.2,,0.0,80.3,10.3,13.3,1014.5
2022-12-15,22.9,25.7,19.0,0.0,61.8,,11.9,1014.7
2022-12-16,22.3,24.4,20.4,0.0,72.8,11.7,10.7,1014.8
2022-12-17,22.0,25.9,,0.0,70.4,7.0,12.9,1014.4
2022-12-18,22.7,26.4,19.6,0.0,69.3,7.2,16.7,1014.6
2022-12-19,23.5,25.6,19.5,0.0,75.6,6.9,12.7,1014.5
2022-12-20,23.1,27.5,19.6,0.0,79.8,6.7,18.5,1014.2
2022-12-21,23.1,27.2,19.8,0.0,72.0,6.6,9.3,1013.9
2022-12-22,24.0,27.2,20.9,3.2,74.8,10.0,,1013.9
2022-12-23,,26.6,20.1,15.8,77.7,11.7,5.4,1014.2
2022-12-24,24.9,28.5,21.7,5.1,73.6,6.5,4.4,1014.5
2022-12-25,24.3,26.4,22.3,0.0,65.3,6.7,11.6,1014.4
2022-12-26,22.2,25.2,19.2,0.0,78.2,7.2,13.3,1014.5
2022-12-27,22.8,23.6,20.8,0.0,73.1,6.7,13.6,1014.9
2022-12-28,22.8,,19.7,0.0,73.4,7.0,18.6,1014.6
2022-12-29,23.5,24.9,21.0,0.0,65.9,6.7,13.5,1013.9
2022-12-30,,,,,,,,
2022-12-31,,,,,,,,
2023-01-01,,,,,,,,
2023-01-02,,,,,,,,
2023-01-03,,,,,,,,
2023-01-04,,,,,,,,
2023-01-05,,,,,,,,
2023-01-06,,,,,,,,
2023-01-07,,,,,,,,
2023-01-08,,,,,,,,
2023-01-09,,,,,,,,
2023-01-10,,,,,,,,
2023-01-11,,,,,,,,
2023-01-12,,,,,,,,
2023-01-13,,,,,,,,
2023-01-14,,,,,,,,
2023-01-15,,,,,,,,
2023-01-16,,,,,,,,
2023-01-17,,,,,,,,
2023-01-18,,,,,,,,
2023-01-19,,,,,,,,
2023-01-20,,,,,,,,
2023-01-21,,,,,,,,
2023-01-22,23.2,28.0,21.8,0.0,65.3,9.4,16.6,1012.4
2023-01-23,22.5,25.5,19.4,22.8,71.7,8.4,5.8,1013.9
2023-01-24,22.5,24.3,19.0,0.0,,8.5,10.7,1013.8
2023-01-25,23.0,26.5,19.3,0.0,66.9,7.6,19.0,1014.2
2023-01-26,21.7,26.7,19.4,0.0,58.6,6.7,11.8,1013.5
2023-01-27,20.6,22.6,18.3,4.1,62.4,6.3,6.9,1013.9
2023-01-28,20.1,22.8,17.7,0.0,66.0,9.5,14.7,
2023-01-29,21.9,25.3,18.4,0.0,57.7,7.3,10.0,1014.4
2023-01-30,21.7,24.6,17.6,3.9,59.0,6.6,8.6,1013.8
2023-01-31,23.8,25.8,21.2,0.0,64.5,6.3,15.4,1013.6
2023-02-01,22.8,26.9,18.9,0.0,55.5,8.3,18.3,1012.6
2023-02-02,22.8,28.1,19.6,0.0,58.0,8.3,11.6,1012.7
2023-02-03,23.7,26.9,20.9,20.4,69.5,8.1,7.0,1013.1
2023-02-04,24.7,26.8,21.9,0.0,72.0,7.3,13.9,1013.1
2023-02-05,25.3,26.7,21.5,0.0,63.0,6.6,14.7,1013.0
2023-02-06,25.0,28.3,21.7,14.2,66.2,6.4,4.8,1013.3
2023-02-07,24.8,28.9,19.5,0.0,61.9,6.0,14.4,1013.5
2023-02-08,24.4,27.8,22.2,0.0,52.0,8.1,9.8,1012.8
2023-02-09,24.2,27.2,20.7,0.0,58.9,6.0,15.3,1012.9
2023-02-10,23.2,25.6,20.8,3.8,58.8,7.1,3.9,1014.0
2023-02-11,22.5,24.4,20.3,0.0,59.5,6.7,8.8,1013.3
2023-02-12,22.6,26.4,19.6,0.0,58.0,6.7,16.9,1013.3
2023-02-13,22.6,26.5,19.4,0.0,59.2,9.0,12.9,1014.1
2023-02-14,22.4,23.8,16.5,0.0,54.8,5.8,11.6,1014.5
2023-02-15,23.1,27.7,20.3,0.0,56.7,7.5,18.5,1014.1
2023-02-16,23.8,27.4,21.9,0.0,48.7,,15.8,1014.0
2023-02-17,23.6,28.0,20.3,0.0,53.9,5.7,17.5,1013.9
2023-02-18,24.5,26.1,23.5,0.0,63.8,6.3,14.4,1013.5
2023-02-19,23.1,24.8,20.2,0.0,57.1,5.7,23.1,1013.4
2023-02-20,23.1,25.9,20.0,0.0,54.8,7.5,13.3,1013.3
2023-02-21,22.7,26.2,18.9,0.0,66.0,6.5,20.5,1013.3
2023-02-22,21.6,26.4,17.6,0.0,46.2,5.6,15.1,1013.0
2023-02-23,,26.0,,0.0,47.4,5.5,10.4,1012.4
2023-02-24,,25.5,,30.6,,6.6,8.5,1012.5
2023-02-25,,26.1,,0.0,53.8,7.4,16.5,1013.4
2023-02-26,,28.7,,0.0,51.8,6.1,12.5,1013.4
2023-02-27,,25.5,,0.0,45.8,6.3,13.0,1013.3
2023-02-28,,29.6,,0.0,55.4,7.2,15.8,1013.6
2023-03-01,,28.1,,0.0,55.7,6.4,17.0,1013.5
2023-03-02,,29.8,,0.0,45.6,5.5,8.7,1014.3
2023-03-03,,28.3,,1.1,51.4,6.3,9.7,1014.1
2023-03-04,,26.6,,0.0,49.7,6.4,14.8,1014.3
2023-03-05,,26.1,,0.0,53.0,6.7,12.4,1013.8
2023-03-06,,27.4,,0.0,44.5,6.3,19.3,1014.0
2023-03-07,,29.4,,19.1,64.2,,8.2,1014.0
2023-03-08,,29.5,,0.0,56.2,5.3,20.3,1013.8
2023-03-09,25.3,27.8,22.1,0.0,48.3,8.6,18.1,1013.5
2023-03-10,24.3,27.1,21.7,0.0,48.9,5.9,16.9,1013.2
2023-03-11,24.5,27.6,21.7,0.0,49.2,6.2,16.5,1013.3
2023-03-12,23.4,24.3,20.0,0.0,45.1,5.0,18.5,1013.6
2023-03-13,24.2,27.7,20.2,0.0,46.9,5.4,15.9,1013.5
2023-03-14,24.4,26.4,23.4,0.0,47.7,6.5,14.7,1013.6
2023-03-15,24.4,26.2,21.7,0.0,58.8,6.2,19.2,1013.5
2023-03-16,23.5,24.8,20.3,0.0,54.5,4.7,17.1,1013.5
2023-03-17,24.6,25.8,22.5,0.0,54.3,5.6,17.7,
2023-03-18,24.5,26.2,,0.0,50.7,4.7,21.0,1013.4
2023-03-19,24.0,26.3,,0.0,,11.1,17.5,1014.6
2023-03-20,22.6,27.5,19.6,0.0,47.8,7.3,17.9,1014.5
2023-03-21,23.8,26.3,20.2,0.0,53.7,4.5,16.2,1014.6
2023-03-22,25.8,29.0,23.4,0.0,40.1,6.8,19.4,1014.6
2023-03-23,27.0,30.4,25.9,0.0,51.3,7.4,19.3,1014.3
2023-03-24,26.3,29.4,23.7,0.0,,4.9,21.0,1014.7
2023-03-25,25.7,28.7,21.7,0.0,53.5,5.8,16.7,1014.4
2023-03-26,26.2,28.0,23.6,0.0,55.4,5.0,17.1,1014.7
2023-03-27,25.5,30.0,23.3,0.0,48.1,5.5,21.0,1014.3
2023-03-28,26.0,30.9,22.1,0.0,52.4,4.7,19.5,1013.7
2023-03-29,26.7,28.1,24.1,0.0,42.2,4.6,16.1,1013.8
2023-03-30,27.5,,25.0,0.0,51.1,4.8,22.8,1013.2
2023-03-31,27.1,29.8,23.9,0.0,50.1,4.2,13.9,1013.5
2023-04-01,26.8,28.8,23.0,0.0,47.8,6.1,21.5,1012.9
2023-04-02,26.2,,20.8,0.7,54.0,4.5,7.7,1012.8
2023-04-03,,28.1,22.1,0.0,42.5,4.5,25.0,1012.2
2023-04-04,26.2,31.3,22.0,0.0,44.5,6.6,14.8,1013.7
2023-04-05,26.8,31.0,24.3,0.0,46.1,4.7,23.0,1012.9
2023-04-06,27.6,30.9,25.7,0.0,39.2,4.7,19.4,1012.9
2023-04-07,26.9,31.0,23.9,0.0,46.6,7.5,18.6,1013.5
2023-04-08,28.2,32.3,25.1,0.0,34.8,6.3,,1013.9
2023-04-09,27.7,30.2,25.8,0.0,51.3,3.9,21.8,1014.2
2023-04-10,27.7,29.9,24.9,0.0,45.2,4.4,17.3,1013.9
2023-04-11,27.2,30.2,23.8,0.0,41.7,7.8,17.7,1014.4
2023-04-12,25.7,29.6,22.3,0.0,39.7,4.1,22.2,1014.7
2023-04-13,27.2,30.4,23.7,0.0,43.3,4.1,,1014.5
2023-04-14,28.1,29.5,24.8,0.0,48.7,,,1014.5
2023-04-15,27.9,30.1,25.4,0.0,47.8,3.6,29.6,1014.1
2023-04-16,28.1,31.0,25.6,0.0,40.2,5.0,17.7,1013.6
2023-04-17,28.6,31.5,26.8,0.0,39.3,5.1,24.1,1014.1
2023-04-18,27.4,32.4,22.6,0.0,48.2,7.5,19.0,1014.6
2023-04-19,27.5,29.1,24.5,0.0,39.9,5.0,22.4,1014.0
2023-04-20,28.5,32.0,25.8,0.0,44.6,3.5,22.9,1013.8
2023-04-21,27.7,32.2,25.7,9.3,47.7,3.2,12.2,1013.6
2023-04-22,28.4,,22.5,0.0,46.0,8.2,20.5,1013.6
2023-04-23,27.7,30.2,25.7,,49.2,3.6,27.2,1013.6
2023-04-24,,32.1,26.0,0.0,36.5,3.5,19.5,1013.9
2023-04-25,28.8,32.4,25.4,0.0,32.6,5.8,22.1,1013.5
2023-04-26,27.8,31.0,24.2,0.0,40.6,4.0,22.2,1013.1
2023-04-27,29.3,32.2,25.3,3.8,56.0,3.2,9.1,1013.7
2023-04-28,28.8,32.3,24.0,0.0,56.1,5.5,20.8,1013.4
2023-04-29,28.6,29.0,25.0,0.0,55.0,8.9,22.2,1012.8
2023-04-30,29.1,,27.2,0.0,42.8,2.9,20.5,1012.6
2023-05-01,30.2,,27.5,0.0,33.3,5.2,29.2,1012.6
2023-05-02,29.4,32.1,26.0,0.0,30.0,3.3,19.5,1013.4
2023-05-03,29.6,34.7,24.6,0.0,40.4,3.6,25.6,1013.8
2023-05-04,30.1,32.5,28.5,0.0,42.9,5.6,24.7,
2023-05-05,30.6,33.2,26.4,0.0,51.9,7.0,22.2,1014.4
2023-05-06,30.6,35.6,27.4,0.0,49.3,3.0,19.7,1014.7
2023-05-07,30.3,32.4,26.4,0.0,45.5,2.8,20.0,1014.2
2023-05-08,-9999.0,32.2,26.8,0.0,38.9,2.6,20.9,1013.9
2023-05-09,30.1,33.0,28.0,0.0,38.5,3.5,17.1,1013.4
2023-05-10,29.6,33.4,25.8,0.0,45.9,2.5,19.5,1013.3
2023-05-11,27.9,31.1,24.3,0.0,48.6,3.1,18.2,1013.6
2023-05-12,29.4,31.1,25.4,0.0,46.8,2.5,26.7,1013.6
2023-05-13,30.7,33.1,27.7,0.0,38.3,3.0,24.6,1014.1
2023-05-14,29.1,31.5,26.7,0.0,48.5,2.4,25.2,1013.5
2023-05-15,29.2,32.1,27.7,,47.3,4.5,24.6,
2023-05-16,30.4,33.8,26.6,0.0,38.4,2.5,23.4,
2023-05-17,32.2,35.7,28.8,0.0,40.2,2.7,27.4,1013.1
2023-05-18,31.9,33.1,29.9,0.0,49.1,4.6,21.2,1013.5
2023-05-19,31.2,35.3,28.7,0.0,43.7,3.8,23.4,1013.3
2023-05-20,31.2,34.5,28.7,0.0,54.7,2.4,25.4,1013.6
2023-05-21,32.4,36.7,30.8,0.0,48.3,2.2,19.2,1013.1
2023-05-22,31.6,35.1,29.4,2.3,43.2,3.6,16.3,1012.4
2023-05-23,31.1,35.2,29.2,0.0,45.5,2.7,23.4,1012.8
2023-05-24,31.1,34.5,28.5,0.0,46.1,3.8,23.8,1013.6
2023-05-25,30.7,35.1,28.5,0.0,41.4,2.7,27.2,1013.1
2023-05-26,31.3,34.8,30.0,0.0,40.5,2.5,26.2,1013.7
2023-05-27,32.8,35.7,27.8,0.0,50.3,2.7,23.6,1013.6
2023-05-28,32.8,38.0,28.5,0.0,51.3,3.6,23.9,1013.0
2023-05-29,32.4,36.3,30.2,0.0,50.0,4.7,19.1,1012.5
2023-05-30,32.1,35.7,28.9,0.0,55.6,1.9,21.9,1012.6
2023-05-31,31.1,,27.7,0.0,43.5,2.7,25.2,1012.5
2023-06-01,32.3,34.0,28.1,0.0,56.9,1.9,25.0,1012.1
2023-06-02,32.3,35.6,30.1,0.0,41.6,2.6,27.4,1011.5
2023-06-03,32.3,,28.2,0.0,41.1,4.4,23.4,1011.4
2023-06-04,34.7,37.1,32.3,0.0,36.8,2.3,19.6,1011.7
2023-06-05,34.1,37.3,32.5,0.0,44.9,,27.0,1012.0
2023-06-06,33.1,37.6,,0.0,44.7,2.9,28.1,1011.9
2023-06-07,32.7,36.4,28.4,0.0,51.1,5.0,26.5,1012.2
2023-06-08,33.6,35.4,28.0,0.0,49.6,3.4,23.4,1012.8
2023-06-09,33.4,36.3,31.6,0.0,41.2,1.8,27.0,1013.1
2023-06-10,32.2,34.4,28.5,2.6,47.0,2.0,17.1,1013.0
2023-06-11,33.2,35.8,30.6,0.0,46.5,2.3,24.3,1013.5
2023-06-12,32.7,35.3,28.9,,38.3,1.9,20.0,1013.0
2023-06-13,34.2,36.8,32.7,0.0,43.3,2.4,22.2,1013.0
2023-06-14,34.6,36.4,32.9,1.3,45.2,2.4,12.9,1012.9
2023-06-15,33.8,36.6,31.5,0.0,58.2,5.4,19.2,1012.4
2023-06-16,34.5,37.0,31.4,0.0,51.0,2.3,24.5,1012.3
2023-06-17,34.1,34.2,31.7,0.0,54.1,3.4,25.1,1011.5
2023-06-18,34.4,39.5,30.8,0.0,41.3,5.0,28.6,1012.7
2023-06-19,34.4,38.5,30.4,0.0,57.7,4.1,27.9,1012.3
2023-06-20,33.4,36.1,29.8,0.0,58.6,1.8,26.6,1013.2
2023-06-21,33.0,36.0,28.4,0.0,39.1,2.4,17.5,1013.2
2023-06-22,34.0,35.8,30.6,0.0,47.1,2.0,26.8,1013.5
2023-06-23,33.6,38.3,31.8,0.0,54.5,2.1,26.1,1013.2
2023-06-24,33.3,38.2,29.0,0.0,55.7,2.1,24.8,1013.3
2023-06-25,32.8,35.9,30.4,0.0,48.0,3.6,18.8,1013.6
2023-06-26,33.5,37.5,29.6,0.7,50.7,2.2,10.8,1013.8
2023-06-27,35.1,38.2,30.5,0.0,49.0,2.4,20.5,1014.1
2023-06-28,33.8,35.4,30.3,0.0,53.5,6.4,17.9,1013.8
2023-06-29,33.8,36.4,32.3,0.0,60.3,1.6,23.9,1013.5
2023-06-30,34.8,38.0,32.8,0.0,48.8,2.3,21.5,1012.8
2023-07-01,34.4,36.9,30.1,0.0,59.7,3.3,31.8,1013.1
2023-07-02,34.5,37.3,31.7,0.0,,1.7,23.4,1013.6
2023-07-03,33.5,36.4,30.4,0.0,49.1,2.6,27.7,1014.3
2023-07-04,34.0,36.9,30.2,0.0,59.4,1.8,19.1,1014.2
2023-07-05,33.8,36.9,30.1,0.0,,3.9,22.2,1013.7
2023-07-06,34.6,36.5,31.3,0.0,60.2,2.0,24.1,1012.9
2023-07-07,35.2,37.5,32.4,0.0,47.5,2.0,21.0,1013.4
2023-07-08,36.6,38.3,33.9,14.5,57.2,2.6,11.2,1012.6
2023-07-09,36.0,39.9,32.1,0.0,60.9,1.8,23.0,1012.5
2023-07-10,35.4,36.3,31.8,0.0,56.5,1.9,23.0,1012.5
2023-07-11,35.0,39.1,32.2,0.0,50.1,2.2,29.2,
2023-07-12,34.3,38.7,30.3,0.0,59.6,2.1,24.7,1012.7
2023-07-13,34.4,37.1,31.6,0.0,52.8,2.4,25.0,1012.9
2023-07-14,34.1,34.5,31.9,0.0,68.2,2.7,25.1,1011.8
2023-07-15,34.2,36.8,31.9,0.0,67.0,2.6,25.3,1012.1
2023-07-16,35.0,38.0,33.0,0.0,61.6,2.9,23.2,1011.2
2023-07-17,33.9,35.9,,0.0,66.5,2.0,22.4,1011.9
2023-07-18,34.8,37.2,30.5,3.4,60.0,1.8,11.9,1011.8
2023-07-19,35.4,39.9,33.2,9.5,66.3,3.3,13.4,1011.1
2023-07-20,34.7,38.4,31.5,0.0,68.1,3.9,26.6,1011.0
2023-07-21,32.9,35.0,30.6,0.0,61.0,2.0,22.5,1011.1
2023-07-22,32.9,34.3,30.1,28.9,67.0,2.3,12.7,1012.0
2023-07-23,34.2,36.9,32.7,2.5,50.7,2.5,11.2,1012.2
2023-07-24,34.1,36.9,31.3,10.1,63.0,2.6,11.6,1012.5
2023-07-25,33.3,36.8,30.5,0.0,65.7,3.0,21.5,1013.2
2023-07-26,33.2,35.6,29.6,9.0,69.5,1.8,11.2,1013.2
2023-07-27,34.0,37.6,30.8,0.0,64.4,3.3,26.9,1013.5
2023-07-28,34.3,39.3,32.5,0.0,58.4,1.8,23.1,1013.8
2023-07-29,34.0,37.8,29.9,10.4,53.3,,11.6,1013.1
2023-07-30,33.6,36.6,30.4,0.0,59.3,3.9,18.3,1013.8
2023-07-31,33.4,36.2,30.2,,65.1,2.5,10.8,1013.1
2023-08-01,,35.5,29.9,0.0,61.1,2.0,21.8,1013.5
2023-08-02,34.3,38.5,31.9,13.5,71.0,6.9,10.0,1012.8
2023-08-03,33.8,36.2,30.6,0.0,75.5,4.5,22.4,1013.1
2023-08-04,34.6,37.7,31.1,0.0,,3.7,21.0,1014.0
2023-08-05,35.3,38.3,34.0,3.7,64.0,2.6,11.2,1013.8
2023-08-06,35.3,37.8,32.8,0.2,63.0,2.2,11.3,1013.6
2023-08-07,34.3,35.9,31.5,0.0,65.5,5.4,19.2,1013.8
2023-08-08,34.2,37.6,31.0,5.6,61.8,2.9,10.4,1013.6
2023-08-09,33.9,36.8,29.7,0.0,66.1,4.3,22.2,1014.3
2023-08-10,33.0,36.5,30.8,,68.4,2.6,25.4,1014.3
2023-08-11,33.4,35.8,30.9,0.0,67.3,2.6,22.5,1014.0
2023-08-12,32.5,36.7,30.0,0.0,,7.2,,1013.6
2023-08-13,33.6,35.7,31.4,,69.2,3.0,,1013.1
2023-08-14,33.1,37.8,30.4,0.0,56.3,2.4,26.6,1012.9
2023-08-15,33.2,34.5,29.5,0.0,71.0,2.5,24.2,1012.8
2023-08-16,33.4,36.8,31.4,12.8,67.3,3.0,11.5,1012.6
2023-08-17,,36.5,29.6,5.9,63.0,2.3,11.7,1012.4
2023-08-18,33.4,35.6,32.1,0.0,61.4,3.0,25.5,1013.5
2023-08-19,32.9,36.3,30.4,0.0,71.0,3.0,24.3,1013.0
2023-08-20,33.5,37.7,30.8,0.0,67.3,4.2,22.7,1013.1
2023-08-21,32.2,33.0,27.5,1.1,59.2,2.9,12.1,1013.4
2023-08-22,32.5,36.0,29.8,0.0,72.1,7.3,17.6,1013.7
2023-08-23,33.9,34.4,33.1,4.6,62.2,2.7,8.1,1013.6
2023-08-24,32.7,34.7,31.7,2.8,71.5,3.6,10.6,1013.4
2023-08-25,32.1,36.7,29.1,0.0,71.5,2.6,20.8,1013.6
2023-08-26,32.6,35.0,29.0,5.3,77.3,4.1,9.4,1013.7
2023-08-27,32.6,34.5,29.3,0.0,81.3,8.9,22.8,1013.5
2023-08-28,32.7,35.5,29.6,2.3,,4.7,7.3,1012.7
2023-08-29,32.9,37.9,28.7,0.0,70.8,3.6,18.6,1012.6
2023-08-30,33.0,34.2,30.6,0.0,69.8,3.5,18.6,1012.2
2023-08-31,33.4,35.4,,2.2,75.0,4.9,,1012.0
2023-09-01,33.1,37.6,31.8,0.4,73.4,6.1,12.2,1012.2
2023-09-02,32.5,37.3,30.4,0.0,70.1,8.2,15.7,1012.6
2023-09-03,32.7,35.6,31.5,0.0,69.8,3.5,,1013.5
2023-09-04,33.7,35.4,,0.0,66.0,8.5,22.3,1013.2
2023-09-05,32.8,37.9,29.8,7.9,81.3,3.1,10.7,1013.5
2023-09-06,31.6,36.2,28.5,0.0,76.0,3.3,16.1,1013.6
2023-09-07,32.3,36.0,29.3,0.0,78.9,3.1,21.3,1014.2
2023-09-08,31.9,34.1,29.8,0.0,71.8,3.4,20.0,1014.3
2023-09-09,30.1,,27.3,0.0,70.0,4.8,26.1,1013.7
2023-09-10,31.2,34.0,29.7,1.2,68.0,5.4,10.1,1012.8
2023-09-11,30.8,34.1,26.4,,78.8,5.0,9.2,1013.0
2023-09-12,,35.3,28.1,0.0,68.4,4.4,16.2,1012.8
2023-09-13,31.1,35.0,28.6,0.0,85.9,4.1,16.4,1012.5
2023-09-14,31.2,33.1,26.6,7.1,69.3,4.8,8.0,1012.0
2023-09-15,31.5,35.9,29.8,0.0,76.9,3.9,22.6,1012.3
2023-09-16,30.9,34.2,29.0,0.3,84.9,5.6,9.2,1013.1
2023-09-17,31.1,34.8,29.2,,79.3,4.8,10.0,1012.9
2023-09-18,30.7,35.2,27.8,0.2,77.0,4.9,11.3,1013.2
2023-09-19,31.1,33.0,27.7,10.7,73.5,4.4,5.5,1013.2
2023-09-20,31.2,34.2,27.5,0.0,67.9,6.1,21.8,1012.6
2023-09-21,30.2,32.6,24.6,0.0,81.0,3.9,18.0,
2023-09-22,30.9,32.4,30.2,4.5,87.0,4.2,9.5,1012.6
2023-09-23,30.2,33.5,26.6,4.8,75.6,5.5,7.6,1012.7
2023-09-24,30.7,36.2,28.2,0.0,,4.5,15.3,1012.6
2023-09-25,30.6,31.8,28.2,10.0,65.4,6.4,9.4,1013.1
2023-09-26,31.6,34.5,29.2,0.0,71.4,4.3,24.5,1012.7
2023-09-27,30.6,34.3,28.5,1.0,77.1,4.4,10.1,1012.9
2023-09-28,29.9,33.1,25.3,0.0,87.2,6.5,20.9,1012.6
2023-09-29,29.7,32.6,25.9,3.2,82.8,4.7,8.2,1012.5
2023-09-30,29.3,31.1,26.3,4.7,81.1,4.8,7.6,1010.9
2023-10-01,29.9,33.1,25.5,8.3,78.2,4.5,7.2,1012.2
2023-10-02,,30.7,26.9,5.5,76.3,4.4,7.6,1012.6
2023-10-03,27.9,28.7,26.2,7.7,89.1,5.4,5.2,1012.4
2023-10-04,27.5,31.7,26.7,0.0,79.7,4.3,14.3,1012.0
2023-10-05,28.7,32.7,26.4,10.8,69.2,6.7,7.4,1012.0
2023-10-06,30.0,33.0,26.8,9.8,77.6,6.0,7.9,
2023-10-07,29.4,32.6,26.2,0.0,73.7,4.5,16.6,1011.7
2023-10-08,28.9,33.0,25.7,0.0,75.6,5.7,17.2,1011.9
2023-10-09,28.8,32.0,27.2,0.0,82.4,5.5,16.0,1012.9
2023-10-10,29.4,33.3,25.6,0.0,78.5,4.6,,1012.4
2023-10-11,28.3,31.0,25.0,0.0,78.8,4.8,9.9,1012.6
2023-10-12,28.4,32.7,24.6,0.0,87.2,5.1,14.0,1013.7
2023-10-13,28.9,32.2,27.8,0.0,75.2,6.0,12.7,1013.9
2023-10-14,28.9,32.1,25.6,0.0,90.6,5.8,16.9,1013.9
2023-10-15,28.6,30.3,26.8,17.8,80.8,,9.1,1014.0
2023-10-16,28.9,32.2,26.3,0.3,80.2,6.4,9.1,1013.7
2023-10-17,26.5,28.6,22.9,11.0,81.3,6.4,8.8,1014.2
2023-10-18,,29.7,24.3,0.0,80.5,5.9,14.8,1013.9
2023-10-19,26.9,29.1,24.7,0.0,82.4,6.6,13.5,1012.9
2023-10-20,25.7,27.7,22.7,0.0,82.4,5.3,12.8,1012.8
2023-10-21,,31.8,25.2,7.3,77.5,7.4,5.2,1012.4
2023-10-22,27.8,32.2,23.7,0.0,73.2,6.0,17.8,1012.4
2023-10-23,27.4,32.3,24.6,,94.9,7.0,14.2,1012.4
2023-10-24,27.9,29.6,23.7,0.8,77.3,5.9,5.5,1013.1
2023-10-25,28.6,31.7,26.1,0.0,84.2,5.3,12.1,1013.4
2023-10-26,28.8,30.5,,5.2,71.9,6.0,5.9,1013.5
2023-10-27,29.1,31.4,26.8,0.0,78.3,5.6,14.5,1013.5
2023-10-28,28.6,30.6,24.7,0.0,79.2,6.6,17.5,1013.0
2023-10-29,27.7,32.0,25.4,0.0,82.8,5.9,13.2,1012.0
2023-10-30,26.0,28.6,22.4,0.0,63.7,7.4,7.4,1012.3
2023-10-31,25.9,30.0,23.3,0.0,81.0,6.6,13.5,1012.8
2023-11-01,25.4,29.0,24.3,0.0,73.1,6.7,13.5,1012.8
2023-11-02,27.2,32.5,24.7,24.5,89.2,5.6,6.6,1012.6
2023-11-03,26.5,28.0,24.7,0.0,73.7,10.3,12.0,1012.9
2023-11-04,26.3,30.6,23.3,2.8,75.6,7.6,7.2,1012.9
2023-11-05,26.5,30.6,24.7,1.4,78.6,7.3,6.9,1013.7
2023-11-06,26.1,28.2,22.2,0.0,73.5,5.9,13.5,1014.2
2023-11-07,,31.1,24.2,0.0,76.9,6.4,14.8,1014.5
2023-11-08,26.0,29.3,23.2,6.9,74.6,5.7,6.1,1014.7
2023-11-09,25.8,28.6,22.2,7.0,70.7,6.5,6.0,1013.9
2023-11-10,25.1,27.2,21.1,11.1,89.0,5.8,8.7,1014.1
2023-11-11,24.1,26.4,21.2,5.7,73.4,6.6,7.5,1014.1
2023-11-12,24.1,29.1,21.8,0.9,78.6,6.9,7.9,1014.3
2023-11-13,24.4,27.4,23.2,0.0,83.9,6.3,16.8,1014.3
2023-11-14,24.3,28.0,22.0,3.0,76.5,6.6,7.3,1014.4
2023-11-15,,26.2,21.6,0.0,74.2,8.3,15.8,1015.4
2023-11-16,23.2,25.5,20.1,1.0,80.7,5.9,4.1,1015.1
2023-11-17,23.7,27.8,21.1,0.0,85.7,7.7,13.5,1015.2
2023-11-18,23.0,24.6,19.3,0.8,72.1,6.1,6.2,1014.7
2023-11-19,24.1,26.7,21.7,2.1,78.5,5.9,8.9,1014.8
2023-11-20,24.3,27.3,21.3,0.4,68.4,6.1,7.8,1015.0
2023-11-21,23.2,26.3,19.0,0.0,76.2,7.7,10.8,1014.9
2023-11-22,23.4,-999.0,20.0,0.0,78.6,6.6,13.8,1015.4
2023-11-23,23.1,26.5,20.2,0.0,73.1,8.5,13.1,1014.7
2023-11-24,23.7,27.4,21.3,0.0,75.4,6.9,13.9,1014.3
2023-11-25,24.8,28.5,22.4,7.1,71.7,6.1,4.7,1014.2
2023-11-26,23.1,25.1,20.9,,78.3,7.6,13.6,1014.5
2023-11-27,23.4,26.2,21.0,,84.0,6.2,11.8,1014.4
2023-11-28,23.4,27.6,19.7,2.8,71.8,8.0,6.6,1014.8
2023-11-29,24.0,27.9,21.2,3.5,74.7,6.4,5.1,1014.2
2023-11-30,24.0,25.6,22.3,18.9,85.9,6.7,5.3,1013.6
2023-12-01,23.3,26.6,18.5,18.5,89.9,7.9,7.9,1013.7
2023-12-02,23.1,24.1,19.8,0.0,67.9,9.9,9.1,1013.6
2023-12-03,22.6,25.7,21.0,18.6,81.3,6.8,4.7,1013.8
2023-12-04,23.7,28.6,21.1,1.1,78.5,8.4,6.0,1013.7
2023-12-05,23.5,25.6,20.4,,,6.5,4.9,1013.5
2023-12-06,24.8,26.9,20.1,0.0,61.3,8.2,9.5,1013.4
2023-12-07,24.1,27.8,22.2,0.0,79.0,7.6,12.5,1013.4
2023-12-08,23.2,24.6,19.2,5.1,86.4,6.6,3.8,1013.2
2023-12-09,22.0,24.4,17.6,6.5,78.2,6.8,4.5,1013.1
2023-12-10,21.1,24.7,18.7,6.0,71.0,6.5,9.1,1013.0
2023-12-11,20.7,23.0,17.9,0.0,72.1,6.9,13.4,1013.4
2023-12-12,21.7,,19.8,0.6,85.7,6.6,4.9,1013.5
2023-12-13,22.5,26.3,19.7,0.0,80.2,7.6,13.3,1014.4
2023-12-14,21.5,24.9,18.5,0.0,78.3,12.6,13.7,1014.3
2023-12-15,22.6,25.9,18.9,0.0,76.4,6.4,15.0,1013.9
2023-12-16,22.3,24.9,18.2,12.0,73.7,7.4,5.8,1015.0
2023-12-17,22.5,25.9,20.3,0.0,72.6,7.5,14.9,1014.9
2023-12-18,23.7,26.6,22.7,0.0,73.1,9.4,5.9,1015.1
2023-12-19,23.9,27.3,20.9,2.3,77.3,7.3,4.4,1015.1
2023-12-20,23.1,25.6,19.8,0.0,82.1,7.4,12.5,1015.1
2023-12-21,22.2,25.0,18.9,9.6,82.4,7.2,6.5,1015.1
2023-12-22,20.7,22.7,18.1,6.3,66.0,6.8,4.6,1014.3
2023-12-23,20.9,23.8,17.7,7.5,75.9,6.5,6.4,1014.3
2023-12-24,21.3,23.5,,0.0,76.5,7.1,10.1,1013.6
2023-12-25,21.0,22.9,17.6,0.0,75.5,6.6,11.2,1013.4
2023-12-26,21.4,24.7,18.8,0.0,67.8,7.5,15.1,1013.1
2023-12-27,21.8,25.0,19.3,1.9,89.3,6.9,,1013.3
2023-12-28,21.8,25.6,19.0,0.0,63.4,7.4,9.1,1013.4
2023-12-29,21.5,24.0,16.8,19.4,70.1,6.7,4.5,1013.6
2023-12-30,21.9,25.3,19.1,0.0,71.9,9.7,10.9,1013.7
2023-12-31,22.3,25.8,19.3,0.0,82.9,9.2,12.0,1013.3
